AirportCode;CityCode;CountryCode;LocationType;Names;UtcOffset;TimeZoneId;Latitude;Longitude
AAE;AAE;DZ;Airport;Annaba Rabah Bitat;+01:00;Africa/Algiers;36.8222;7.8092
AAL;AAL;DK;Airport;Aalborg;+01:00;Europe/Copenhagen;57.0928;9.8492
AAQ;AAQ;RU;Airport;Anapa;+03:00;Europe/Moscow;45.0022;37.3472
AAR;AAR;DK;Airport;Aarhus Tirstrup;+01:00;Europe/Copenhagen;56.3039;10.6194
ABE;ABE;US;Airport;Allentown/Bethlehem;-05:00;America/New_York;40.6522;-75.4408
ABI;ABI;US;Airport;Abilene;-06:00;America/Chicago;32.4114;-99.6819
ABJ;ABJ;CI;Airport;Abidjan;+00:00;Africa/Abidjan;5.2614;-3.9264
ABK;ABK;ET;Airport;Kabri Dar;+03:00;Africa/Addis_Ababa;6.7339;44.2553
ABQ;ABQ;US;Airport;Albuquerque;-07:00;America/Denver;35.0406;-106.6094
ABS;ABS;EG;Airport;Abu Simbel;+02:00;Africa/Cairo;22.3758;31.6117
ABV;ABV;NG;Airport;Abuja;+01:00;Africa/Lagos;9.0067;7.2631
ABY;ABY;US;Airport;Albany (US);-05:00;America/New_York;31.5356;-84.1944
ABZ;ABZ;GB;Airport;Aberdeen (GB);+00:00;Europe/London;57.2042;-2.2003
ACA;ACA;MX;Airport;Acapulco;-06:00;America/Mexico_City;16.7569;-99.7539
ACC;ACC;GH;Airport;Accra;+00:00;Africa/Accra;5.6053;-0.1667
ACE;ACE;ES;Airport;Lanzarote;+00:00;Atlantic/Canary;28.9456;-13.6053
ACT;ACT;US;Airport;Waco;-06:00;America/Chicago;31.6114;-97.2306
ACV;ACV;US;Airport;Arcata/Eureka;-08:00;America/Los_Angeles;40.9781;-124.1086
ADA;ADA;TR;Airport;Adana;+03:00;Europe/Istanbul;36.9822;35.2803
ADB;IZM;TR;Airport;Izmir;+03:00;Europe/Istanbul;38.2925;27.1569
ADD;ADD;ET;Airport;Addis Ababa;+03:00;Africa/Addis_Ababa;8.9778;38.7994
ADF;ADF;TR;Airport;Adiyaman;+03:00;Europe/Istanbul;37.7314;38.4689
ADL;ADL;AU;Airport;Adelaide;+09:30;Australia/Adelaide;-34.945;138.5306
ADZ;ADZ;CO;Airport;San Andres Island;-05:00;America/Bogota;12.5836;-81.7111
AEP;BUE;AR;Airport;Buenos Aires Aeroparque J. N.;-03:00;America/Argentina/Buenos_Aires;-34.5589;-58.4164
AER;AER;RU;Airport;Sochi;+03:00;Europe/Moscow;43.45;39.9567
AES;AES;NO;Airport;Aalesund;+01:00;Europe/Oslo;62.5603;6.1103
AEX;AEX;US;Airport;Alexandria;-06:00;America/Chicago;31.3275;-92.5497
AEY;AEY;IS;Airport;Akureyri;+00:00;Atlantic/Reykjavik;65.6586;-18.0722
AGA;AGA;MA;Airport;Agadir;+01:00;Africa/Casablanca;30.325;-9.4131
AGH;AGH;SE;Airport;Angelholm/Helsingborg Angelholm Apt;+01:00;Europe/Stockholm;56.2961;12.8472
AGP;AGP;ES;Airport;Malaga;+01:00;Europe/Madrid;36.675;-4.4992
AGR;AGR;IN;Airport;Agra;+05:30;Asia/Kolkata;27.1558;77.9608
AGU;AGU;MX;Airport;Aguascalientes;-06:00;America/Mexico_City;21.7056;-102.3178
AGX;AGX;IN;Airport;Agatti Island;+05:30;Asia/Kolkata;10.8236;72.1761
AHB;AHB;SA;Airport;Abha;+03:00;Asia/Riyadh;18.2403;42.6567
AJI;AJI;TR;Airport;Agri;+03:00;Europe/Istanbul;39.6539;43.0264
AJL;AJL;IN;Airport;Aizawl Lengpui;+05:30;Asia/Kolkata;23.8389;92.6203
AJR;AJR;SE;Airport;Arvidsjaur;+01:00;Europe/Stockholm;65.5903;19.2819
AJU;AJU;BR;Airport;Aracaju;-03:00;America/Araguaina;-10.9839;-37.0703
AKJ;AKJ;JP;Airport;Asahikawa;+09:00;Asia/Tokyo;43.6708;142.4475
AKL;AKL;NZ;Airport;Auckland;+12:00;Pacific/Auckland;-37.0097;174.7917
AKU;AKU;CN;Airport;Aksu;+08:00;Asia/Shanghai;41.2628;80.2919
ALA;ALA;KZ;Airport;Almaty;+06:00;Asia/Almaty;43.3533;77.0422
ALB;ALB;US;Airport;Albany (US);-05:00;America/New_York;42.7483;-73.8017
ALC;ALC;ES;Airport;Alicante;+01:00;Europe/Madrid;38.2822;-0.5581
ALF;ALF;NO;Airport;Alta;+01:00;Europe/Oslo;69.9761;23.3717
ALG;ALG;DZ;Airport;Algiers;+01:00;Africa/Algiers;36.6942;3.2147
ALW;ALW;US;Airport;Walla Walla;-08:00;America/Los_Angeles;46.095;-118.2878
AMA;AMA;US;Airport;Amarillo;-06:00;America/Chicago;35.2194;-101.7058
AMD;AMD;IN;Airport;Ahmedabad;+05:30;Asia/Kolkata;23.0772;72.6347
AMH;AMH;ET;Airport;Arba Mintch;+03:00;Africa/Addis_Ababa;6.0394;37.5906
AMI;AMI;ID;Airport;Mataram;+08:00;Asia/Makassar;-8.5608;116.0947
AMM;AMM;JO;Airport;Amman;+03:00;Asia/Amman;31.7225;35.9933
AMS;AMS;NL;Airport;Amsterdam;+01:00;Europe/Amsterdam;52.3081;4.7642
ANC;ANC;US;Airport;Anchorage;-09:00;America/Anchorage;61.1744;-149.9964
ANF;ANF;CL;Airport;Antofagasta;-04:00;America/Santiago;-23.4444;-70.445
ANU;ANU;AG;Airport;Antigua;-04:00;America/Antigua;17.1367;-61.7928
ANX;ANX;NO;Airport;Andenes Andoya;+01:00;Europe/Oslo;69.2925;16.1442
AOE;AOE;TR;Airport;Eskisehir Anadolu;+03:00;Europe/Istanbul;39.81;30.5169
AOI;AOI;IT;Airport;Ancona;+01:00;Europe/Rome;43.6167;13.3603
AOJ;AOJ;JP;Airport;Aomorica;+09:00;Asia/Tokyo;40.7347;140.6908
AOK;AOK;GR;Airport;Karpathos;+02:00;Europe/Athens;35.4214;27.1461
APL;APL;MZ;Airport;Nampula;+02:00;Africa/Maputo;-15.1056;39.2817
APW;APW;WS;Airport;Apia Faleolo Apt;+13:00;Pacific/Apia;-13.8297;-171.9972
AQJ;AQJ;JO;Airport;Aqaba King Hussein International;+03:00;Asia/Amman;29.6117;35.0181
ARI;ARI;CL;Airport;Arica;-04:00;America/Santiago;-18.3486;-70.3386
ARK;ARK;TZ;Airport;Arusha;+03:00;Africa/Dar_es_Salaam;-3.3672;36.625
ARN;STO;SE;Airport;Stockholm;+01:00;Europe/Stockholm;59.6519;17.9186
ASB;ASB;TM;Airport;Ashgabat;+05:00;Asia/Ashgabat;37.9869;58.3608
ASE;ASE;US;Airport;Aspen;-07:00;America/Denver;39.2192;-106.8672
ASO;ASO;ET;Airport;Asosa;+03:00;Africa/Addis_Ababa;10.0186;34.5864
ASR;ASR;TR;Airport;Kayseri;+03:00;Europe/Istanbul;38.7703;35.4956
ASU;ASU;PY;Airport;Asuncion;-04:00;America/Asuncion;-25.2397;-57.5192
ASW;ASW;EG;Airport;Aswan;+02:00;Africa/Cairo;23.9644;32.82
ATH;ATH;GR;Airport;Athens;+02:00;Europe/Athens;37.9364;23.9444
ATL;ATL;US;Airport;Atlanta;-05:00;America/New_York;33.6367;-84.4281
ATQ;ATQ;IN;Airport;Amritsar;+05:30;Asia/Kolkata;31.7097;74.7972
ATW;ATW;US;Airport;Appleton;-06:00;America/Chicago;44.2667;-88.5167
ATZ;ATZ;EG;Airport;Asyut;+02:00;Africa/Cairo;27.0464;31.0119
AUH;AUH;AE;Airport;Abu Dhabi;+04:00;Asia/Dubai;24.4331;54.6511
AUS;AUS;US;Airport;Austin-Bergstrom;-06:00;America/Chicago;30.1944;-97.67
AUW;AUW;US;Airport;Wausau Downtown Apt;-06:00;America/Chicago;44.9283;-89.6267
AVL;AVL;US;Airport;Asheville;-05:00;America/New_York;35.4361;-82.5419
AVP;AVP;US;Airport;Wilkes-Barre;-05:00;America/New_York;41.3386;-75.7233
AWA;AWA;ET;Airport;Awasa;+03:00;Africa/Addis_Ababa;7.0675;38.4906
AXD;AXD;GR;Airport;Alexandroupolis;+02:00;Europe/Athens;40.8558;25.9564
AXM;AXM;CO;Airport;Armenia;-05:00;America/Bogota;4.4528;-75.7664
AXT;AXT;JP;Airport;Akita;+09:00;Asia/Tokyo;39.6156;140.2186
AXU;AXU;ET;Airport;Axum;+03:00;Africa/Addis_Ababa;14.1467;38.7728
AYT;AYT;TR;Airport;Antalya;+03:00;Europe/Istanbul;36.8986;30.8006
AZO;AZO;US;Airport;Kalamazoo;-05:00;America/New_York;42.235;-85.5519
BAH;BAH;BH;Airport;Bahrain;+03:00;Asia/Bahrain;26.2708;50.6336
BAL;BAL;TR;Airport;Batman;+03:00;Europe/Istanbul;37.9289;41.1167
BAQ;BAQ;CO;Airport;Barranquilla;-05:00;America/Bogota;10.8897;-74.7808
BAV;BAV;CN;Airport;Baotou;+08:00;Asia/Shanghai;40.5606;109.9964
BBA;BBA;CL;Airport;Balmaceda;-04:00;America/Santiago;-45.9161;-71.6894
BBI;BBI;IN;Airport;Bhubaneswar;+05:30;Asia/Kolkata;20.2444;85.8178
BBK;BBK;BW;Airport;Kasane;+02:00;Africa/Gaborone;-17.8328;25.1625
BBO;BBO;SO;Airport;Berbera;+03:00;Africa/Mogadishu;10.3892;44.9411
BRC;BRC;AR;Airport;San Carlos De Bariloche;-03:00;America/Argentina/Buenos_Aires;-41.1511;-71.1578
BRE;BRE;DE;Airport;Bremen;+01:00;Europe/Berlin;53.0475;8.7867
BRI;BRI;IT;Airport;Bari;+01:00;Europe/Rome;41.1381;16.765
BRM;BRM;VE;Airport;Barquisimeto;-04:00;America/Caracas;10.0428;-69.3586
BRN;BRN;CH;Airport;Berne;+01:00;Europe/Zurich;46.9142;7.4972
BRO;BRO;US;Airport;Brownsville;-06:00;America/Chicago;25.9069;-97.4258
BRS;BRS;GB;Airport;Bristol;+00:00;Europe/London;51.3825;-2.7189
BRU;BRU;BE;Airport;Brussels;+01:00;Europe/Brussels;50.9014;4.4844
BRW;BRW;US;Airport;Barrow;-09:00;America/Anchorage;71.2856;-156.7661
BSB;BSB;BR;Airport;Brasilia;-03:00;America/Araguaina;-15.8711;-47.9186
BSL;EAP;CH;Airport;Basel;+01:00;Europe/Zurich;47.6011;7.5217
BTR;BTR;US;Airport;Baton Rouge;-06:00;America/Chicago;30.5331;-91.1497
BTV;BTV;US;Airport;Burlington;-05:00;America/New_York;44.4719;-73.1533
BUD;BUD;HU;Airport;Budapest;+01:00;Europe/Budapest;47.4369;19.2556
BUF;BUF;US;Airport;Buffalo;-05:00;America/New_York;42.9406;-78.7322
BUP;BUP;IN;Airport;Bathinda;+05:30;Asia/Kolkata;30.2703;74.7558
BUQ;BUQ;ZW;Airport;Bulawayo;+02:00;Africa/Harare;-20.0175;28.6178
BUR;BUR;US;Airport;Burbank;-08:00;America/Los_Angeles;34.2006;-118.3586
BUS;BUS;GE;Airport;Batumi;+04:00;Asia/Tbilisi;41.6103;41.5997
BVC;BVC;CV;Airport;Boa Vista Island Rabil;-01:00;Atlantic/Cape_Verde;16.1367;-22.8889
BWI;WAS;US;Airport;Baltimore Washington;-05:00;America/New_York;39.1753;-76.6683
BWN;BWN;BN;Airport;Bandar Seri Begawan;+08:00;Asia/Brunei;4.9442;114.9283
BZG;BZG;PL;Airport;Bydgoszcz;+01:00;Europe/Warsaw;53.0967;17.9778
BZN;BZN;US;Airport;Bozeman;-07:00;America/Denver;45.7775;-111.1531
BZV;BZV;CG;Airport;Brazzaville;+01:00;Africa/Brazzaville;-4.2517;15.2531
CAE;CAE;US;Airport;Columbia;-05:00;America/New_York;33.9389;-81.1194
CAG;CAG;IT;Airport;Cagliari;+01:00;Europe/Rome;39.2514;9.0578
CAI;CAI;EG;Airport;Cairo;+02:00;Africa/Cairo;30.1219;31.4056
CAK;CAK;US;Airport;Akron/Canton;-05:00;America/New_York;40.9161;-81.4422
CAN;CAN;CN;Airport;Guangzhou;+08:00;Asia/Shanghai;23.3925;113.2989
CBB;CBB;BO;Airport;Cochabamba;-04:00;America/La_Paz;-17.4211;-66.1772
CBR;CBR;AU;Airport;Canberra;+10:00;Australia/Sydney;-35.3069;149.195
CCP;CCP;CL;Airport;Concepcion;-04:00;America/Santiago;-36.7728;-73.0631
CCS;CCS;VE;Airport;Caracas;-04:00;America/Caracas;10.6031;-66.9906
CCU;CCU;IN;Airport;Kolkata;+05:30;Asia/Kolkata;22.6547;88.4467
CDG;PAR;FR;Airport;Paris/ Ch.de Gaulle;+01:00;Europe/Paris;49.0097;2.5478
CDR;CDR;US;Airport;Chadron Municipal;-07:00;America/Denver;42.835;-103.0986
CDV;CDV;US;Airport;Cordova Mudhole;-09:00;America/Anchorage;60.4917;-145.4775
CEB;CEB;PH;Airport;Cebu;+08:00;Asia/Manila;10.3075;123.9794
CEC;CEC;US;Airport;Crescent City;-08:00;America/Los_Angeles;41.7803;-124.2367
CEI;CEI;TH;Airport;Chiang Rai;+07:00;Asia/Bangkok;19.9522;99.8831
CEZ;CEZ;US;Airport;Cortez Municipal;-07:00;America/Denver;37.3031;-108.6286
CFU;CFU;GR;Airport;Corfu;+02:00;Europe/Athens;39.6019;19.9117
CGB;CGB;BR;Airport;Cuiaba;-04:00;America/Porto_Velho;-15.6531;-56.1167
CGH;SAO;BR;Airport;Sao Paulo Congonhas;-03:00;America/Sao_Paulo;-23.6267;-46.6581
CGK;JKT;ID;Airport;Jakarta Soekarno-Hatta;+07:00;Asia/Pontianak;-6.1256;106.6558
CGN;CGN;DE;Airport;Cologne/Bonn;+01:00;Europe/Berlin;50.8658;7.1428
CGO;CGO;CN;Airport;Zhengzhou;+08:00;Asia/Shanghai;34.5194;113.8411
CGQ;CGQ;CN;Airport;Changchun;+08:00;Asia/Shanghai;43.9961;125.6853
CGR;CGR;BR;Airport;Campo Grande;-04:00;America/Porto_Velho;-20.4686;-54.6725
CHA;CHA;US;Airport;Chattanooga;-05:00;America/New_York;35.0353;-85.2039
CHC;CHC;NZ;Airport;Christchurch;+12:00;Pacific/Auckland;-43.4894;172.5322
CHO;CHO;US;Airport;Charlottesville;-05:00;America/New_York;38.1386;-78.4528
CHQ;CHQ;GR;Airport;Chania;+02:00;Europe/Athens;35.5317;24.1497
CHS;CHS;US;Airport;Charleston;-05:00;America/New_York;32.8986;-80.0406
CIC;CIC;US;Airport;Chico;-08:00;America/Los_Angeles;39.7961;-121.8583
CID;CID;US;Airport;Cedar Rapids;-06:00;America/Chicago;41.8847;-91.7108
CIF;CIF;CN;Airport;Chifeng Yulong;+08:00;Asia/Shanghai;42.16;118.8408
CIH;CIH;CN;Airport;Changzhi Wangcun;+08:00;Asia/Shanghai;36.2475;113.1258
CIY;CIY;IT;Airport;Comiso Vincenzo Magliocco;+01:00;Europe/Rome;36.9947;14.6069
CJC;CJC;CL;Airport;Calama;-04:00;America/Santiago;-22.4981;-68.9081
CJU;CJU;KR;Airport;Jeju;+09:00;Asia/Seoul;33.5114;126.4931
CKB;CKB;US;Airport;Clarksburg;-05:00;America/New_York;39.2967;-80.2281
CKG;CKG;CN;Airport;Chongqing;+08:00;Asia/Shanghai;29.7194;106.6419
CKY;CKY;GN;Airport;Conakry;+00:00;Africa/Conakry;9.5769;-13.6119
CKZ;CKZ;TR;Airport;Canakkale;+03:00;Europe/Istanbul;40.1378;26.4267
CLD;SAN;US;Airport;Carlsbad;-08:00;America/Los_Angeles;33.1283;-117.28
CLE;CLE;US;Airport;Cleveland;-05:00;America/New_York;41.4117;-81.8497
CLJ;CLJ;RO;Airport;Cluj;+02:00;Europe/Bucharest;46.7853;23.6861
CLL;CLL;US;Airport;College Station;-06:00;America/Chicago;30.5886;-96.3639
CLO;CLO;CO;Airport;Cali;-05:00;America/Bogota;3.5433;-76.3817
CLT;CLT;US;Airport;Charlotte;-05:00;America/New_York;35.2139;-80.9431
CLY;CLY;FR;Airport;Calvi;+01:00;Europe/Paris;42.5203;8.7931
CMB;CMB;LK;Airport;Colombo;+05:30;Asia/Colombo;7.1803;79.8853
CME;CME;MX;Airport;Ciudad Del Carmen;-06:00;America/Mexico_City;18.6533;-91.8011
CMH;CMH;US;Airport;Columbus OH;-05:00;America/New_York;39.9981;-82.8919
CMI;CMI;US;Airport;Champaign;-06:00;America/Chicago;40.0392;-88.2781
CMN;CMN;MA;Airport;Casablanca;+01:00;Africa/Casablanca;33.3675;-7.59
CMX;CMX;US;Airport;Hancock;-05:00;America/New_York;47.1683;-88.4892
CNF;BHZ;BR;Airport;Belo Horizonte;-03:00;America/Sao_Paulo;-19.6339;-43.9689
CNS;CNS;AU;Airport;Cairns;+10:00;Australia/Brisbane;-16.8781;145.7489
CNX;CNX;TH;Airport;Chiang Mai;+07:00;Asia/Bangkok;18.7714;98.9628
CNY;CNY;US;Airport;Moab Canyon Land Field;-07:00;America/Denver;38.7608;-109.7475
COD;COD;US;Airport;Cody;-07:00;America/Denver;44.5178;-109.0261
COK;COK;IN;Airport;Kochi (IN);+05:30;Asia/Kolkata;10.1519;76.4019
COO;COO;BJ;Airport;Cotonou;+01:00;Africa/Porto-Novo;6.3572;2.3844
COR;COR;AR;Airport;Cordoba;-03:00;America/Argentina/Buenos_Aires;-31.31;-64.2083
COS;COS;US;Airport;Colorado Springs;-07:00;America/Denver;38.8058;-104.7008
COU;COU;US;Airport;Columbia;-06:00;America/Chicago;38.8181;-92.2197
CPC;CPC;AR;Airport;San Martin Los Andes Aviador Carlos Cam;-03:00;America/Argentina/Buenos_Aires;-40.0753;-71.1372
CPH;CPH;DK;Airport;Copenhagen;+01:00;Europe/Copenhagen;55.6203;12.6503
CPO;CPO;CL;Airport;Copiapo;-04:00;America/Santiago;-27.2617;-70.7792
CPR;CPR;US;Airport;Casper;-07:00;America/Denver;42.9081;-106.4644
CPT;CPT;ZA;Airport;Cape Town;+02:00;Africa/Johannesburg;-33.9647;18.6017
CPX;CPX;PR;Airport;Culebra Benjamin Rivera Noriega;-04:00;America/Puerto_Rico;18.3125;-65.3031
CRD;CRD;AR;Airport;Comodoro Rivadavia;-03:00;America/Argentina/Buenos_Aires;-45.7853;-67.4656
CRK;CRK;PH;Airport;Angeles/Mabalacat Clark International;+08:00;Asia/Manila;15.1861;120.5603
CRP;CRP;US;Airport;Corpus Christi;-06:00;America/Chicago;27.7703;-97.5011
CRW;CRW;US;Airport;Charleston/Yeager;-05:00;America/New_York;38.3731;-81.5931
CSL;CSL;US;Airport;San Luis Obispo;-08:00;America/Los_Angeles;35.3261;-120.7433
CSX;CSX;CN;Airport;Changsha;+08:00;Asia/Shanghai;28.1936;113.2178
CTA;CTA;IT;Airport;Catania;+01:00;Europe/Rome;37.4667;15.0639
CTG;CTG;CO;Airport;Cartagena;-05:00;America/Bogota;10.4425;-75.5131
CTS;SPK;JP;Airport;Sapporo Chitose;+09:00;Asia/Tokyo;42.7753;141.6922
CTU;CTU;CN;Airport;Chengdu;+08:00;Asia/Shanghai;30.5786;103.9472
CUC;CUC;CO;Airport;Cucuta;-05:00;America/Bogota;7.9275;-72.5117
CUE;CUE;EC;Airport;Cuenca Mariscal Lamar Intl;-05:00;America/Guayaquil;-2.8894;-78.9844
CUF;CUF;IT;Airport;Cuneo;+01:00;Europe/Rome;44.5475;7.6231
CUL;CUL;MX;Airport;Culiacan;-07:00;America/Mazatlan;24.7644;-107.4747
CUM;CUM;VE;Airport;Cumana;-04:00;America/Caracas;10.4503;-64.1306
CUN;CUN;MX;Airport;Cancun;-05:00;America/Hermosillo;21.0367;-86.8772
CUR;CUR;CW;Airport;Curacao;-04:00;America/Curacao;12.1889;-68.9597
CUU;CUU;MX;Airport;Chihuahua;-06:00;America/Mexico_City;28.7028;-105.9644
CVG;CVG;US;Airport;Cincinnati;-05:00;America/New_York;39.0489;-84.6678
CWA;AUW;US;Airport;Wausau;-06:00;America/Chicago;44.7833;-89.6667
CWB;CWB;BR;Airport;Curitiba;-03:00;America/Sao_Paulo;-25.5286;-49.1758
CYS;CYS;US;Airport;Cheyenne;-07:00;America/Denver;41.1558;-104.8119
CZL;CZL;DZ;Airport;Constantine Mohamed Boudiaf;+01:00;Africa/Algiers;36.2761;6.6203
CZM;CZM;MX;Airport;Cozumel International;-05:00;America/Hermosillo;20.5217;-86.9369
CZX;CZX;CN;Airport;Changzhou;+08:00;Asia/Shanghai;31.9194;119.7783
DAB;DAB;US;Airport;Daytona Beach;-05:00;America/New_York;29.18;-81.0581
DAC;DAC;BD;Airport;Dhaka;+06:00;Asia/Dhaka;23.8433;90.3978
DAD;DAD;VN;Airport;Da Nang;+07:00;Asia/Ho_Chi_Minh;16.0439;108.1994
DAR;DAR;TZ;Airport;Dar Es Salaam;+03:00;Africa/Dar_es_Salaam;-6.8781;39.2025
DAT;DAT;CN;Airport;Datong;+08:00;Asia/Shanghai;39.7189;113.1461
DAV;DAV;PA;Airport;David;-05:00;America/Panama;8.3911;-82.435
DAX;DAX;CN;Airport;Daxian;+08:00;Asia/Shanghai;31.1319;107.4306
DAY;DAY;US;Airport;Dayton;-05:00;America/New_York;39.9025;-84.2194
DBV;DBV;HR;Airport;Dubrovnik;+01:00;Europe/Zagreb;42.5614;18.2683
DCA;WAS;US;Airport;Washington Ronald Reagan National;-05:00;America/New_York;38.8522;-77.0378
DDC;DDC;US;Airport;Dodge City Regional;-06:00;America/Chicago;37.7603;-99.9642
DDG;DDG;CN;Airport;Dandong;+08:00;Asia/Shanghai;40.0256;124.2869
DEB;DEB;HU;Airport;Debrecen;+01:00;Europe/Budapest;47.4889;21.6153
DEL;DEL;IN;Airport;Delhi;+05:30;Asia/Kolkata;28.5664;77.1031
DEN;DEN;US;Airport;Denver;-07:00;America/Denver;39.8617;-104.6731
DFW;DFW;US;Airport;Dallas/Fort Worth;-06:00;America/Chicago;32.8969;-97.0381
DHC;BRE;DE;Rail Station;Bremen Hbf;+01:00;Europe/Berlin;53.0836;8.8142
DHM;DHM;IN;Airport;Dharamsala Kangra;+05:30;Asia/Kolkata;32.1653;76.2606
DIA;DOH;QA;Airport;Doha International;+03:00;Asia/Qatar;25.2625;51.5647
DIB;DIB;IN;Airport;Dibrugarh;+05:30;Asia/Kolkata;27.4833;95.0167
DIK;DIK;US;Airport;Dickinson;-07:00;America/Denver;46.8;-102.8
DIR;DIR;ET;Airport;Dire Dawa;+03:00;Africa/Addis_Ababa;9.6247;41.8542
DIU;DIU;IN;Airport;Diu;+05:30;Asia/Kolkata;20.7139;70.9217
DIY;DIY;TR;Airport;Diyarbakir;+03:00;Europe/Istanbul;37.8939;40.2011
DJE;DJE;TN;Airport;Djerba;+01:00;Africa/Tunis;33.875;10.7756
DKR;DKR;SN;Airport;Dakar;+00:00;Africa/Dakar;14.7425;-17.4933
DLA;DLA;CM;Airport;Douala;+01:00;Africa/Douala;4.0061;9.7194
DLC;DLC;CN;Airport;Dalian;+08:00;Asia/Shanghai;38.9656;121.5386
DLH;DLH;US;Airport;Duluth;-06:00;America/Chicago;46.8422;-92.1936
DLM;DLM;TR;Airport;Dalaman;+03:00;Europe/Istanbul;36.7131;28.7925
DLU;DLU;CN;Airport;Dali;+08:00;Asia/Shanghai;25.6503;100.3194
DME;MOW;RU;Airport;Moscow Domodedowo;+03:00;Europe/Moscow;55.4089;37.9064
DMM;DMM;SA;Airport;Dammam;+03:00;Asia/Riyadh;26.4711;49.7978
DMU;DMU;IN;Airport;Dimapur;+05:30;Asia/Kolkata;25.8825;93.7744
DNK;DNK;UA;Airport;Dnepropetrovsk;+02:00;Europe/Zaporozhye;48.3572;35.1006
DNZ;DNZ;TR;Airport;Denizli;+03:00;Europe/Istanbul;37.7856;29.7014
DOD;DOD;TZ;Airport;Dodoma;+03:00;Africa/Dar_es_Salaam;-6.1706;35.7525
DOH;DOH;QA;Airport;Doha;+03:00;Asia/Qatar;25.2744;51.6083
DPS;DPS;ID;Airport;Denpasar (Bali);+08:00;Asia/Makassar;-8.7481;115.1672
DQA;DQA;CN;Airport;Daqing Sartu;+08:00;Asia/Shanghai;46.75;125.1392
DRO;DRO;US;Airport;Durango La Plata;-07:00;America/Denver;37.1522;-107.7536
DRS;DRS;DE;Airport;Dresden;+01:00;Europe/Berlin;51.1344;13.7681
DRT;DRT;US;Airport;Del Rio;-06:00;America/Chicago;29.3733;-100.9264
DRW;DRW;AU;Airport;Darwin;+09:30;Australia/Darwin;-12.4147;130.8767
DSE;DSE;ET;Airport;Dessie;+03:00;Africa/Addis_Ababa;11.0833;39.7167
DSM;DSM;US;Airport;Des Moines;-06:00;America/Chicago;41.5342;-93.6578
DSN;DSN;CN;Airport;Dongsheng;+08:00;Asia/Shanghai;39.4922;109.8631
DSS;DKR;SN;Airport;Dakar;+00:00;Africa/Dakar;14.6725;-17.0714
DTM;DTM;DE;Airport;Dortmund;+01:00;Europe/Berlin;51.5183;7.6122
DTN;SHV;US;Airport;Shreveport Downtown Apt;-06:00;America/Chicago;32.45;-93.8333
DTW;DTT;US;Airport;Detroit;-05:00;America/New_York;42.2125;-83.3533
DTZ;DTM;DE;Rail Station;Dortmund Central Station;+01:00;Europe/Berlin;51.5178;7.4592
DUB;DUB;IE;Airport;Dublin;+00:00;Europe/Dublin;53.4214;-6.27
DUD;DUD;NZ;Airport;Dunedin;+12:00;Pacific/Auckland;-45.9292;170.1975
DUR;DUR;ZA;Airport;Durban;+02:00;Africa/Johannesburg;-29.6144;31.1164
DUS;DUS;DE;Airport;Dusseldorf;+01:00;Europe/Berlin;51.2894;6.7667
DVL;DVL;US;Airport;Devils Lake;-06:00;America/Chicago;48.1156;-98.9081
DVO;DVO;PH;Airport;Davao;+08:00;Asia/Manila;7.1253;125.6456
DXB;DXB;AE;Airport;Dubai;+04:00;Asia/Dubai;25.2528;55.3644
DYG;DYG;CN;Airport;Dayong;+08:00;Asia/Shanghai;29.1044;110.4431
EAR;EAR;US;Airport;Kearney;-06:00;America/Chicago;40.7267;-99.0092
EAT;EAT;US;Airport;Wenatchee;-08:00;America/Los_Angeles;47.3989;-120.2072
EAU;EAU;US;Airport;Eau Claire;-06:00;America/Chicago;44.8658;-91.4842
EBB;EBB;UG;Airport;Entebbe;+03:00;Africa/Kampala;0.0425;32.4436
EBL;EBL;IQ;Airport;Erbil;+03:00;Asia/Baghdad;36.2378;43.9631
ECP;ECP;US;Airport;Panama City (US);-06:00;America/Chicago;30.3578;-85.7989
EDI;EDI;GB;Airport;Edinburgh;+00:00;Europe/London;55.95;-3.3725
EDO;EDO;TR;Airport;Edremit Korfez;+03:00;Europe/Istanbul;39.5547;27.0139
EFL;EFL;GR;Airport;Kefallinia;+02:00;Europe/Athens;38.12;20.5006
EGE;EGE;US;Airport;Vail/Eagle;-07:00;America/Denver;39.6425;-106.9178
EGO;EGO;RU;Airport;Belgorod;+03:00;Europe/Moscow;50.6439;36.59
EJA;EJA;CO;Airport;Barrancabermeja Yariguies;-05:00;America/Bogota;7.0244;-73.8067
ELP;ELP;US;Airport;El Paso;-07:00;America/Denver;31.8025;-106.3983
ELS;ELS;ZA;Airport;East London;+02:00;Africa/Johannesburg;-33.0356;27.8258
EMA;NQT;GB;Airport;East Midlands;+00:00;Europe/London;52.8311;-1.3281
ERC;ERC;TR;Airport;Erzincan;+03:00;Europe/Istanbul;39.7103;39.5269
ERF;ERF;DE;Airport;Erfurt;+01:00;Europe/Berlin;50.9797;10.9581
ERI;ERI;US;Airport;Erie;-05:00;America/New_York;42.0819;-80.1761
ERZ;ERZ;TR;Airport;Erzurum;+03:00;Europe/Istanbul;39.9564;41.1703
ESB;ANK;TR;Airport;Ankara;+03:00;Europe/Istanbul;40.1281;32.995
ESM;ESM;EC;Airport;Esmeraldas C Concha Torres Intl;-05:00;America/Guayaquil;0.9786;-79.6267
ETM;ETH;IL;Airport;Eilat;+02:00;Asia/Jerusalem;29.7272;34.9983
EUG;EUG;US;Airport;Eugene;-08:00;America/Los_Angeles;44.1247;-123.2119
EVE;EVE;NO;Airport;Harstad-Narvik;+01:00;Europe/Oslo;68.4914;16.6781
EVN;EVN;AM;Airport;Yerevan;+04:00;Asia/Yerevan;40.1472;44.3958
EVV;EVV;US;Airport;Evansville;-06:00;America/Chicago;38.0369;-87.5325
EWN;EWN;US;Airport;New Bern;-05:00;America/New_York;35.0731;-77.0431
EWR;NYC;US;Airport;New York Newark;-05:00;America/New_York;40.6925;-74.1686
EYP;EYP;CO;Airport;Yopal El Alcaravan;-05:00;America/Bogota;5.3192;-72.3839
EYW;EYW;US;Airport;Key West;-05:00;America/New_York;24.5561;-81.7594
EZE;BUE;AR;Airport;Buenos Aires;-03:00;America/Argentina/Buenos_Aires;-34.8222;-58.5358
EZS;EZS;TR;Airport;Elazig;+03:00;Europe/Istanbul;38.6069;39.2914
FAE;FAE;FO;Airport;Faroe Islands;+00:00;Atlantic/Faroe;62.0664;-7.2931
FAI;FAI;US;Airport;Fairbanks;-09:00;America/Anchorage;64.815;-147.8564
FAO;FAO;PT;Airport;Faro;+00:00;Europe/Lisbon;37.0144;-7.9658
FAR;FAR;US;Airport;Fargo;-06:00;America/Chicago;46.9206;-96.8158
FAT;FAT;US;Airport;Fresno Yosemite;-08:00;America/Los_Angeles;36.7761;-119.7181
FAY;FAY;US;Airport;Fayetteville;-05:00;America/New_York;34.99;-78.8831
FBM;FBM;CD;Airport;Lubumbashi;+02:00;Africa/Lubumbashi;-11.5914;27.5308
FCA;FCA;US;Airport;Kalispell;-07:00;America/Denver;48.3106;-114.2561
FCO;ROM;IT;Airport;Rome;+01:00;Europe/Rome;41.8003;12.2389
FDF;FDF;MQ;Airport;Fort De France;-04:00;America/Martinique;14.5911;-61.0031
FDH;FDH;DE;Airport;Friedrichshafen;+01:00;Europe/Berlin;47.6714;9.5114
FIH;FIH;CD;Airport;Kinshasa;+01:00;Africa/Kinshasa;-4.3858;15.4444
FKB;FKB;DE;Airport;Karlsruhe/ Baden Baden;+01:00;Europe/Berlin;48.7794;8.0806
FKS;FKS;JP;Airport;Fukushima;+09:00;Asia/Tokyo;37.2275;140.4306
FLA;FLA;CO;Airport;Florencia Gustavo A. Paredes;-05:00;America/Bogota;1.5892;-75.5644
FLL;FLL;US;Airport;Fort Lauderdale;-05:00;America/New_York;26.0725;-80.1528
FLN;FLN;BR;Airport;Florianopolis;-03:00;America/Araguaina;-27.6706;-48.5472
FLO;FLO;US;Airport;Florence;-05:00;America/New_York;34.1875;-79.7247
FLR;FLR;IT;Airport;Florence;+01:00;Europe/Rome;43.8086;11.2028
FMN;FMN;US;Airport;Farmington;-07:00;America/Denver;36.7414;-108.2311
FMO;FMO;DE;Airport;Muenster-Osnabrueck;+01:00;Europe/Berlin;52.1347;7.6847
FMY;FMY;US;Airport;Fort Myers;-05:00;America/New_York;26.5833;-81.8667
FNA;FNA;SL;Airport;Freetown Lungi;+00:00;Africa/Freetown;8.6164;-13.1956
FNC;FNC;PT;Airport;Funchal;+00:00;Europe/Lisbon;32.6942;-16.7781
FNT;FNT;US;Airport;Flint;-05:00;America/New_York;42.9656;-83.7436
FOC;FOC;CN;Airport;Fuzhou;+08:00;Asia/Shanghai;25.935;119.6633
FOE;TOP;US;Airport;Topeka Forbes Afb;-06:00;America/Chicago;38.9508;-95.6636
FOR;FOR;BR;Airport;Fortaleza;-03:00;America/Araguaina;-3.7764;-38.5325
FRA;FRA;DE;Airport;Frankfurt;+01:00;Europe/Berlin;50.0331;8.5706
FRL;FRL;IT;Airport;Forli;+01:00;Europe/Rome;44.1956;12.0697
FRO;FRO;NO;Airport;Floro;+01:00;Europe/Oslo;61.5836;5.0247
FRS;FRS;GT;Airport;Flores;-06:00;America/Guatemala;16.9156;-89.8697
FRU;FRU;KG;Airport;Bishkek Manas International;+06:00;Asia/Bishkek;43.0614;74.4775
FRW;FRW;BW;Airport;Francistown;+02:00;Africa/Gaborone;-21.1597;27.4744
FSC;FSC;FR;Airport;Figari;+01:00;Europe/Paris;41.5022;9.0967
FSD;FSD;US;Airport;Sioux Falls;-06:00;America/Chicago;43.5819;-96.7419
FSZ;FSZ;JP;Airport;Shizuoka Mount Fuji;+09:00;Asia/Tokyo;34.7969;138.1808
FTE;FTE;AR;Airport;El Calafate;-03:00;America/Argentina/Buenos_Aires;-50.28;-72.0533
FUE;FUE;ES;Airport;Fuerteventura;+00:00;Atlantic/Canary;28.4528;-13.8639
FUK;FUK;JP;Airport;Fukuoka;+09:00;Asia/Tokyo;33.5858;130.4506
FWA;FWA;US;Airport;Fort Wayne;-05:00;America/New_York;40.9831;-85.1897
FYV;FYV;US;Airport;Fayetteville;-06:00;America/Chicago;36.0056;-94.1703
GAU;GAU;IN;Airport;Guwahati;+05:30;Asia/Kolkata;26.1061;91.5858
GAY;GAY;IN;Airport;Gaya;+05:30;Asia/Kolkata;24.7444;84.9511
GBE;GBE;BW;Airport;Gaborone;+02:00;Africa/Gaborone;-24.5553;25.9183
GCC;GCC;US;Airport;Gillette;-07:00;America/Denver;44.3475;-105.5417
GCK;GCK;US;Airport;Garden City;-06:00;America/Chicago;37.9275;-100.7244
GDE;GDE;ET;Airport;Gode;+03:00;Africa/Addis_Ababa;5.935;43.5786
GDL;GDL;MX;Airport;Guadalajara;-06:00;America/Mexico_City;20.5217;-103.3111
GDN;GDN;PL;Airport;Gdansk;+01:00;Europe/Warsaw;54.3775;18.4661
GDQ;GDQ;ET;Airport;Gondar;+03:00;Africa/Addis_Ababa;12.52;37.4342
GEG;GEG;US;Airport;Spokane;-08:00;America/Los_Angeles;47.6172;-117.54
GGZ;GRZ;AT;Rail Station;Graz Rail Station;+01:00;Europe/Vienna;47.0731;15.4161
GIG;RIO;BR;Airport;Rio De Janeiro Galeão;-03:00;America/Sao_Paulo;-22.8125;-43.2483
GIS;GIS;NZ;Airport;Gisborne;+12:00;Pacific/Auckland;-38.6639;177.9769
GJT;GJT;US;Airport;Grand Junction;-07:00;America/Denver;39.1233;-108.5258
GLA;GLA;GB;Airport;Glasgow;+00:00;Europe/London;55.8719;-4.4333
GMB;GMB;ET;Airport;Gambela;+03:00;Africa/Addis_Ababa;8.1289;34.5631
GMP;SEL;KR;Airport;Seoul;+09:00;Asia/Seoul;37.5583;126.7906
GNV;GNV;US;Airport;Gainesville;-05:00;America/New_York;29.69;-82.2717
GNY;SFQ;TR;Airport;Sanliurfa;+03:00;Europe/Istanbul;37.0944;38.8469
GOA;GOA;IT;Airport;Genoa;+01:00;Europe/Rome;44.4133;8.8375
GOI;GOI;IN;Airport;Goa;+05:30;Asia/Kolkata;15.3808;73.8314
GOJ;GOJ;RU;Airport;Nizhniy Novgorod;+03:00;Europe/Moscow;56.23;43.7842
GOP;GOP;IN;Airport;Gorakhpur;+05:30;Asia/Kolkata;26.7411;83.45
GOT;GOT;SE;Airport;Gothenburg;+01:00;Europe/Stockholm;57.6628;12.2797
GPA;GPA;GR;Airport;Patrai;+02:00;Europe/Athens;38.1511;21.4256
GPT;GPT;US;Airport;Gulfport/Biloxi;-06:00;America/Chicago;30.4072;-89.07
GRB;GRB;US;Airport;Green Bay;-06:00;America/Chicago;44.4856;-88.1339
GRI;GRI;US;Airport;Grand Island;-06:00;America/Chicago;40.9675;-98.3097
GRJ;GRJ;ZA;Airport;George;+02:00;Africa/Johannesburg;-34.0056;22.3789
GRK;ILE;US;Airport;Killeen Gray;-06:00;America/Chicago;31.0672;-97.8289
GRO;GRO;ES;Airport;Girona Costa Brava Apt;+01:00;Europe/Madrid;41.9008;2.7606
GRQ;GRQ;NL;Airport;Groningen;+01:00;Europe/Amsterdam;53.125;6.5833
GRR;GRR;US;Airport;Grand Rapids;-05:00;America/New_York;42.8808;-85.5228
GRU;SAO;BR;Airport;Sao Paulo Guarulhos;-03:00;America/Sao_Paulo;-23.4319;-46.4694
GRZ;GRZ;AT;Airport;Graz;+01:00;Europe/Vienna;46.9936;15.44
GSO;GSO;US;Airport;Greensboro/High Point;-05:00;America/New_York;36.0978;-79.9372
GSP;GSP;US;Airport;Greenville/Spartanburg;-05:00;America/New_York;34.8956;-82.2189
GTF;GTF;US;Airport;Great Falls;-07:00;America/Denver;47.4819;-111.3706
GUA;GUA;GT;Airport;Guatemala City;-06:00;America/Guatemala;14.5844;-90.5272
GUC;GUC;US;Airport;Gunnison;-07:00;America/Denver;38.5356;-106.9331
GUM;GUM;GU;Airport;Guam;+10:00;Pacific/Guam;13.4833;144.7961
GVA;GVA;CH;Airport;Geneva;+01:00;Europe/Zurich;46.2381;6.1089
GWL;GWL;IN;Airport;Gwalior;+05:30;Asia/Kolkata;26.2933;78.2278
GWT;GWT;DE;Airport;Westerland (Sylt);+01:00;Europe/Berlin;54.9133;8.3406
GYD;BAK;AZ;Airport;Baku;+04:00;Asia/Baku;40.4675;50.0467
GYE;GYE;EC;Airport;Guayaquil;-05:00;America/Guayaquil;-2.1575;-79.8836
GYN;GYN;BR;Airport;Goiania;-03:00;America/Araguaina;-16.6319;-49.2206
GZP;GZP;TR;Airport;Gazipasa;+03:00;Europe/Istanbul;36.2981;32.2903
GZT;GZT;TR;Airport;Gaziantep;+03:00;Europe/Istanbul;36.9472;37.4786
HAC;HAC;JP;Airport;Hachijo Jima;+09:00;Asia/Tokyo;33.115;139.7858
HAH;YVA;KM;Airport;Moroni;+03:00;Indian/Comoro;-11.5336;43.2719
HAJ;HAJ;DE;Airport;Hannover;+01:00;Europe/Berlin;52.4606;9.6894
HAK;HAK;CN;Airport;Haikou;+08:00;Asia/Shanghai;19.9347;110.4589
HAM;HAM;DE;Airport;Hamburg;+01:00;Europe/Berlin;53.6303;9.9883
HAN;HAN;VN;Airport;Hanoi;+07:00;Asia/Ho_Chi_Minh;21.2211;105.8072
HAR;HAR;US;Airport;Harrisburg;-05:00;America/New_York;40.2667;-76.8667
HAU;HAU;NO;Airport;Haugesund;+01:00;Europe/Oslo;59.3453;5.2083
HAV;HAV;CU;Airport;Havana;-05:00;America/Havana;22.9903;-82.4078
HBA;HBA;AU;Airport;Hobart;+10:00;Australia/Hobart;-42.8361;147.5103
HBE;ALY;EG;Airport;Alexandria;+02:00;Africa/Cairo;30.9178;29.6964
HDF;HDF;DE;Airport;Heringsdorf/ Usedom;+01:00;Europe/Berlin;53.8786;14.1522
HDS;HDS;ZA;Airport;Hoedspruit;+02:00;Africa/Johannesburg;-24.3486;30.9469
HDY;HDY;TH;Airport;Hat Yai;+07:00;Asia/Bangkok;6.9328;100.395
HEL;HEL;FI;Airport;Helsinki;+02:00;Europe/Helsinki;60.3172;24.9633
HER;HER;GR;Airport;Heraklion;+02:00;Europe/Athens;35.3397;25.1803
HET;HET;CN;Airport;Hohhot;+08:00;Asia/Shanghai;40.8514;111.8242
HFE;HFE;CN;Airport;Hefei;+08:00;Asia/Shanghai;31.9911;116.9892
HGA;HGA;SO;Airport;Hargeisa Egal Intl;+03:00;Africa/Mogadishu;9.5139;44.0839
HGH;HGH;CN;Airport;Hangzhou;+08:00;Asia/Shanghai;30.2294;120.4344
HHH;HHH;US;Airport;Hilton Head Island;-05:00;America/New_York;32.2222;-80.6989
HIA;HIA;CN;Airport;Huai'an Lianshui;+08:00;Asia/Shanghai;33.7875;119.1278
HIJ;HIJ;JP;Airport;Hiroshima;+09:00;Asia/Tokyo;34.4361;132.9194
HIL;HIL;ET;Airport;Shillavo;+03:00;Africa/Addis_Ababa;6.0833;44.8
HJR;HJR;IN;Airport;Khajuraho;+05:30;Asia/Kolkata;24.8172;79.9186
HKD;HKD;JP;Airport;Hakodate;+09:00;Asia/Tokyo;41.77;140.8219
HKG;HKG;CN;Airport;Hong Kong;+08:00;Asia/Shanghai;22.3089;113.9147
HKK;HKK;NZ;Airport;Hokitika;+12:00;Pacific/Auckland;-42.7114;170.9842
HKT;HKT;TH;Airport;Phuket;+07:00;Asia/Bangkok;8.1122;98.3053
HLD;HLD;CN;Airport;Hailar;+08:00;Asia/Shanghai;49.2086;119.8167
HLH;HLH;CN;Airport;Ulanhot;+08:00;Asia/Shanghai;46.1947;122.0083
HLN;HLN;US;Airport;Helena;-07:00;America/Denver;46.6069;-111.9828
HLZ;HLZ;NZ;Airport;Hamilton;+12:00;Pacific/Auckland;-37.8667;175.3319
HMB;HMB;EG;Airport;Sohag International;+02:00;Africa/Cairo;26.3428;31.7428
HMO;HMO;MX;Airport;Hermosillo;-07:00;America/Mazatlan;29.0958;-111.0478
HND;TYO;JP;Airport;Tokyo Haneda;+09:00;Asia/Tokyo;35.5522;139.7797
HNL;HNL;US;Airport;Honolulu;-10:00;Pacific/Honolulu;21.3278;-157.9222
HOB;HOB;US;Airport;Hobbs Lea;-07:00;America/Denver;32.6883;-103.215
HOG;HOG;CU;Airport;Holguin;-05:00;America/Havana;20.7856;-76.315
HOV;HOV;NO;Airport;Orsta-Volda;+01:00;Europe/Oslo;62.1792;6.0711
HPN;HPN;US;Airport;Westchester County;-05:00;America/New_York;41.0669;-73.7075
HRB;HRB;CN;Airport;Harbin;+08:00;Asia/Shanghai;45.6233;126.2503
HRE;HRE;ZW;Airport;Harare;+02:00;Africa/Harare;-17.9319;31.0928
HRG;HRG;EG;Airport;Hurghada;+02:00;Africa/Cairo;27.1786;33.8014
HRL;HRL;US;Airport;Harlingen;-06:00;America/Chicago;26.2286;-97.6544
HSG;HSG;JP;Airport;Saga;+09:00;Asia/Tokyo;33.1497;130.3022
HSN;HSN;CN;Airport;Zhoushan Putuoshan;+08:00;Asia/Shanghai;29.9347;122.3619
HSV;HSV;US;Airport;Huntsville;-06:00;America/Chicago;34.6372;-86.775
HTS;HTS;US;Airport;Huntington;-05:00;America/New_York;38.3683;-82.5592
HTY;HTY;TR;Airport;Hatay;+03:00;Europe/Istanbul;36.3597;36.2847
HUE;HUE;ET;Airport;Humera;+03:00;Africa/Addis_Ababa;13.8333;36.8794
HUX;HUX;MX;Airport;Bahias De Huatulco Intl;-06:00;America/Mexico_City;15.7753;-96.2625
HYA;HYA;US;Airport;Hyannis;-05:00;America/New_York;41.6656;-70.2814
HYD;HYD;IN;Airport;Hyderabad;+05:30;Asia/Kolkata;17.2311;78.4314
HYN;HYN;CN;Airport;Huangyan;+08:00;Asia/Shanghai;28.5653;121.4303
HYS;HYS;US;Airport;Hays Regional;-06:00;America/Chicago;38.8503;-99.2756
IAD;WAS;US;Airport;Washington Dulles;-05:00;America/New_York;38.9444;-77.4558
IAH;HOU;US;Airport;Houston;-06:00;America/Chicago;29.9844;-95.3414
IAS;IAS;RO;Airport;Iasi;+02:00;Europe/Bucharest;47.1786;27.6206
IBE;IBE;CO;Airport;Ibague Perales;-05:00;America/Bogota;4.4211;-75.1336
IBZ;IBZ;ES;Airport;Ibiza;+01:00;Europe/Madrid;38.8728;1.3731
ICN;SEL;KR;Airport;Seoul;+09:00;Asia/Seoul;37.4692;126.4506
ICT;ICT;US;Airport;Wichita;-06:00;America/Chicago;37.6528;-97.4331
IDA;IDA;US;Airport;Idaho Falls;-07:00;America/Denver;43.5144;-112.0708
IDR;IDR;IN;Airport;Indore;+05:30;Asia/Kolkata;22.7217;75.8011
IFN;IFN;IR;Airport;Isfahan;+03:30;Asia/Tehran;32.7517;51.8697
IGD;IGD;TR;Airport;Igdir;+03:00;Europe/Istanbul;39.9728;43.8844
IGR;IGR;AR;Airport;Iguazu;-03:00;America/Argentina/Buenos_Aires;-25.7372;-54.4733
IGU;IGU;BR;Airport;Iguassu Falls;-03:00;America/Araguaina;-25.5961;-54.4872
IKA;THR;IR;Airport;Tehran;+03:30;Asia/Tehran;35.4161;51.1522
ILM;ILM;US;Airport;Wilmington;-05:00;America/New_York;34.2706;-77.9025
IMF;IMF;IN;Airport;Imphal;+05:30;Asia/Kolkata;24.76;93.8967
INC;INC;CN;Airport;Yinchuan;+08:00;Asia/Shanghai;38.4933;106.0119
IND;IND;US;Airport;Indianapolis;-05:00;America/New_York;39.7172;-86.2944
INI;INI;RS;Airport;Nis;+01:00;Europe/Belgrade;43.3372;21.8536
INN;INN;AT;Airport;Innsbruck;+01:00;Europe/Vienna;47.2603;11.3439
IOA;IOA;GR;Airport;Ioannina;+02:00;Europe/Athens;39.6964;20.8225
IOB;INN;AT;Rail Station;Innsbruck Railway Station;+01:00;Europe/Vienna;47.2628;11.4011
IOS;IOS;BR;Airport;Ilheus;-03:00;America/Araguaina;-14.8158;-39.0333
IPL;IPL;US;Airport;Imperial County Apt;-08:00;America/Los_Angeles;32.835;-115.5747
IQQ;IQQ;CL;Airport;Iquique;-04:00;America/Santiago;-20.5353;-70.1814
IQT;IQT;PE;Airport;Iquitos;-05:00;America/Lima;-3.7847;-73.3089
ISB;ISB;PK;Airport;Islamabad International;+05:00;Asia/Karachi;33.5483;72.825
ISE;ISE;TR;Airport;Isparta Suleyman Demirel;+03:00;Europe/Istanbul;37.8556;30.3683
ISG;ISG;JP;Airport;Ishigaki;+09:00;Asia/Tokyo;24.3964;124.245
ISN;ISN;US;Airport;Williston;-06:00;America/Chicago;48.1792;-103.6433
IST;IST;TR;Airport;Istanbul;+03:00;Europe/Istanbul;41.2706;28.7425
ISU;ISU;IQ;Airport;Sulaymaniyah International;+03:00;Asia/Baghdad;35.5625;45.3158
ITH;ITH;US;Airport;Ithaca;-05:00;America/New_York;42.4911;-76.4608
ITM;OSA;JP;Airport;Osaka Itami;+09:00;Asia/Tokyo;34.7856;135.4383
ITO;ITO;US;Airport;Hilo;-10:00;Pacific/Honolulu;19.7214;-155.0483
IUE;IUE;NU;Airport;Niue Hanan;-11:00;Pacific/Niue;-19.0778;-169.9267
IVC;IVC;NZ;Airport;Invercargill;+12:00;Pacific/Auckland;-46.4147;168.3131
IVL;IVL;FI;Airport;Ivalo;+02:00;Europe/Helsinki;68.6072;27.4053
IWJ;IWJ;JP;Airport;Iwami;+09:00;Asia/Tokyo;34.6764;131.7903
IWK;IWK;JP;Airport;Iwakuni;+09:00;Asia/Tokyo;34.1461;132.2472
IXB;IXB;IN;Airport;Bagdogra;+05:30;Asia/Kolkata;26.6811;88.3286
IXC;IXC;IN;Airport;Chandigarh;+05:30;Asia/Kolkata;30.6733;76.7886
IXD;IXD;IN;Airport;Allahabad;+05:30;Asia/Kolkata;25.44;81.7339
IXI;IXI;IN;Airport;Lilabari;+05:30;Asia/Kolkata;27.2944;94.0964
IXJ;IXJ;IN;Airport;Jammu;+05:30;Asia/Kolkata;32.6892;74.8375
IXL;IXL;IN;Airport;Leh;+05:30;Asia/Kolkata;34.1358;77.5464
IXM;IXM;IN;Airport;Madurai;+05:30;Asia/Kolkata;9.8344;78.0933
IXP;IXP;IN;Airport;Pathankot;+05:30;Asia/Kolkata;32.2339;75.6347
IXR;IXR;IN;Airport;Ranchi;+05:30;Asia/Kolkata;23.3142;85.3217
IXZ;IXZ;IN;Airport;Port Blair;+05:30;Asia/Kolkata;11.6411;92.7297
JAC;JAC;US;Airport;Jackson;-07:00;America/Denver;43.6072;-110.7378
JAN;JAN;US;Airport;Jackson-Evers;-06:00;America/Chicago;32.3111;-90.0758
JAX;JAX;US;Airport;Jacksonville Florida (US);-05:00;America/New_York;30.4942;-81.6878
JDH;JDH;IN;Airport;Jodhpur;+05:30;Asia/Kolkata;26.2511;73.0489
JDO;JDO;BR;Airport;Juazeiro Do Norte O. Bezerra De Menezes;-03:00;America/Araguaina;-7.2186;-39.2714
JDZ;JDZ;CN;Airport;Jingdezhen;+08:00;Asia/Shanghai;29.3392;117.1764
JED;JED;SA;Airport;Jeddah;+03:00;Asia/Riyadh;21.6794;39.1567
JER;JER;GB;Airport;Jersey;+00:00;Europe/London;49.2078;-2.1953
JFK;NYC;US;Airport;New York J F Kennedy;-05:00;America/New_York;40.6397;-73.7789
JGA;JGA;IN;Airport;Jamnagar Govardhanpur;+05:30;Asia/Kolkata;22.4656;70.0125
JHG;JHG;CN;Airport;Jinghong Xishuangbanna Gasa Int;+08:00;Asia/Shanghai;21.9731;100.7631
JIB;JIB;DJ;Airport;Djibouti;+03:00;Africa/Djibouti;11.5472;43.1594
JIJ;JIJ;ET;Airport;Jijiga;+03:00;Africa/Addis_Ababa;9.3633;42.7897
JIM;JIM;ET;Airport;Jimma;+03:00;Africa/Addis_Ababa;7.6628;36.8181
JJN;JJN;CN;Airport;Jinjiang;+08:00;Asia/Shanghai;24.7956;118.5881
JKG;JKG;SE;Airport;Jonkoping;+01:00;Europe/Stockholm;57.7575;14.0686
JKH;JKH;GR;Airport;Chios;+02:00;Europe/Athens;38.3431;26.1406
JLN;JLN;US;Airport;Joplin;-06:00;America/Chicago;37.1519;-94.4983
JLR;JLR;IN;Airport;Jabalpur;+05:30;Asia/Kolkata;23.1778;80.0519
JMK;JMK;GR;Airport;Mykonos;+02:00;Europe/Athens;37.435;25.3481
JMS;JMS;US;Airport;Jamestown;-06:00;America/Chicago;46.9297;-98.6783
JMU;JMU;CN;Airport;Jiamusi;+08:00;Asia/Shanghai;46.8433;130.4653
JNB;JNB;ZA;Airport;Johannesburg;+02:00;Africa/Johannesburg;-26.1392;28.2461
JNU;JNU;US;Airport;Juneau;-09:00;America/Anchorage;58.355;-134.5764
JNX;JNX;GR;Airport;Naxos;+02:00;Europe/Athens;37.0822;25.3686
JOI;JOI;BR;Airport;Joinville;-03:00;America/Araguaina;-26.2244;-48.7975
JPA;JPA;BR;Airport;Joao Pessoa;-03:00;America/Araguaina;-7.1483;-34.9506
JRH;JRH;IN;Airport;Jorhat Rowriah;+05:30;Asia/Kolkata;26.7317;94.1756
JRO;JRO;TZ;Airport;Kilimanjaro;+03:00;Africa/Dar_es_Salaam;-3.4294;37.0744
JSH;JSH;GR;Airport;Siteia;+02:00;Europe/Athens;35.2161;26.1014
JSI;JSI;GR;Airport;Skiathos;+02:00;Europe/Athens;39.1772;23.5036
JSY;JSY;GR;Airport;Syros Island;+02:00;Europe/Athens;37.4228;24.95
JTR;JTR;GR;Airport;Thira;+02:00;Europe/Athens;36.3992;25.4794
JTY;JTY;GR;Airport;Astypalaia Island;+02:00;Europe/Athens;36.58;26.3756
JUB;JUB;SS;Airport;Juba;+02:00;Africa/Juba;4.8719;31.6011
JUJ;JUJ;AR;Airport;Jujuy;-03:00;America/Argentina/Buenos_Aires;-24.3928;-65.0978
JUL;JUL;PE;Airport;Juliaca Inco Manco Capac Intl;-05:00;America/Lima;-15.4672;-70.1581
JZH;JZH;CN;Airport;Jiuzhaigou Jiuzhai Huanglong;+08:00;Asia/Shanghai;32.8567;103.6831
KAO;KAO;FI;Airport;Kuusamo;+02:00;Europe/Helsinki;65.9875;29.2394
KBH;KBH;TZ;Airport;Kahama Buzwagi;+03:00;Africa/Dar_es_Salaam;-3.7917;32.6467
KBL;KBL;AF;Airport;Kabul;+04:30;Asia/Kabul;34.5658;69.2125
KBP;IEV;UA;Airport;Kiev;+02:00;Europe/Zaporozhye;50.345;30.8947
KBV;KBV;TH;Airport;Krabi;+07:00;Asia/Bangkok;8.0958;98.9889
KCH;KCH;MY;Airport;Kuching;+08:00;Asia/Kuching;1.4842;110.3439
KCM;KCM;TR;Airport;Kahramanmaras;+03:00;Europe/Istanbul;37.5389;36.9533
KCO;KCO;TR;Airport;Kocaeli;+03:00;Europe/Istanbul;40.7333;30.0833
KCZ;KCZ;JP;Airport;Kochi (JP);+09:00;Asia/Tokyo;33.5461;133.6694
KEF;REK;IS;Airport;Reykjavik Intl.;+00:00;Atlantic/Reykjavik;63.985;-22.6056
KFS;KFS;TR;Airport;Kastamonu;+03:00;Europe/Istanbul;41.315;33.7961
KGL;KGL;RW;Airport;Kigali;+02:00;Africa/Kigali;-1.9686;30.1394
KGS;KGS;GR;Airport;Kos;+02:00;Europe/Athens;36.7933;27.0917
KHE;KHE;UA;Airport;Kherson;+02:00;Europe/Zaporozhye;46.6772;32.5072
KHG;KHG;CN;Airport;Kashi;+08:00;Asia/Shanghai;39.5425;76.02
KHH;KHH;TW;Airport;Kaohsiung;+08:00;Asia/Taipei;22.5772;120.35
KHN;KHN;CN;Airport;Nanchang;+08:00;Asia/Shanghai;28.8639;115.9022
KIJ;KIJ;JP;Airport;Niigata;+09:00;Asia/Tokyo;37.9558;139.1208
KIM;KIM;ZA;Airport;Kimberley;+02:00;Africa/Johannesburg;-28.8028;24.7653
KIN;KIN;JM;Airport;Kingston Norman Manley;-05:00;America/Jamaica;17.9356;-76.7875
KIS;KIS;KE;Airport;Kisumu;+03:00;Africa/Nairobi;-0.0856;34.7297
KIT;KIT;GR;Airport;Kithira;+02:00;Europe/Athens;36.2742;23.0169
KIV;KIV;MD;Airport;Chisinau;+02:00;Europe/Chisinau;46.9278;28.9308
KIX;OSA;JP;Airport;Osaka Kansai;+09:00;Asia/Tokyo;34.4272;135.2442
KJR;FKB;DE;Rail Station;Karlsruhe Central Station;+01:00;Europe/Berlin;48.9936;8.4022
KKC;KKC;TH;Airport;Khon Kaen;+07:00;Asia/Bangkok;16.4644;102.7822
KKE;KKE;NZ;Airport;Kerikeri;+12:00;Pacific/Auckland;-35.2578;173.9119
KKJ;KKJ;JP;Airport;Kita Kyushu;+09:00;Asia/Tokyo;33.8458;131.0347
KKN;KKN;NO;Airport;Kirkenes;+01:00;Europe/Oslo;69.7258;29.8914
KLO;KLO;PH;Airport;Kalibo;+08:00;Asia/Manila;11.6844;122.3811
KLR;KLR;SE;Airport;Kalmar;+01:00;Europe/Stockholm;56.6856;16.2875
KLU;KLU;AT;Airport;Klagenfurt;+01:00;Europe/Vienna;46.6428;14.3378
KLX;KLX;GR;Airport;Kalamata;+02:00;Europe/Athens;37.0683;22.0256
KME;KME;RW;Airport;Cyangugu Kamembe;+02:00;Africa/Kigali;-2.4622;28.9081
KMG;KMG;CN;Airport;Kunming;+08:00;Asia/Shanghai;25.1086;102.935
KMI;KMI;JP;Airport;Miyazaki;+09:00;Asia/Tokyo;31.8772;131.4486
KMJ;KMJ;JP;Airport;Kumamoto;+09:00;Asia/Tokyo;32.8372;130.855
KMQ;KMQ;JP;Airport;Komatsu;+09:00;Asia/Tokyo;36.3947;136.4067
KMS;KMS;GH;Airport;Kumasi;+00:00;Africa/Accra;6.7144;-1.5908
KNU;KNU;IN;Airport;Kanpur;+05:30;Asia/Kolkata;26.4406;80.3672
KOA;KOA;US;Airport;Kona;-10:00;Pacific/Honolulu;19.7389;-156.0456
KOJ;KOJ;JP;Airport;Kagoshima;+09:00;Asia/Tokyo;31.8033;130.7194
KOW;KOW;CN;Airport;Ganzhou;+08:00;Asia/Shanghai;25.8514;114.7753
KPO;KPO;KR;Airport;Pohang P'ohang;+09:00;Asia/Seoul;35.9878;129.4206
KRK;KRK;PL;Airport;Krakow;+01:00;Europe/Warsaw;50.0778;19.7847
KRL;KRL;CN;Airport;Korla;+08:00;Asia/Shanghai;41.6992;86.1303
KRN;KRN;SE;Airport;Kiruna;+01:00;Europe/Stockholm;67.8219;20.3367
KRR;KRR;RU;Airport;Krasnodar;+03:00;Europe/Moscow;45.0325;39.1664
KRS;KRS;NO;Airport;Kristiansand;+01:00;Europe/Oslo;58.2042;8.0853
KRY;KRY;CN;Airport;Karamay;+08:00;Asia/Shanghai;45.4661;84.9539
KSC;KSC;SK;Airport;Kosice;+01:00;Europe/Bratislava;48.6631;21.2411
KSU;KSU;NO;Airport;Kristiansund;+01:00;Europe/Oslo;63.1117;7.8244
KSY;KSY;TR;Airport;Kars;+03:00;Europe/Istanbul;40.5622;43.115
KTM;KTM;NP;Airport;Kathmandu;+05:45;Asia/Kathmandu;27.6967;85.3592
KTN;KTN;US;Airport;Ketchikan;-09:00;America/Anchorage;55.3556;-131.7139
KTT;KTT;FI;Airport;Kittila;+02:00;Europe/Helsinki;67.7011;24.8469
KTW;KTW;PL;Airport;Katowice;+01:00;Europe/Warsaw;50.4742;19.08
KUF;KUF;RU;Airport;Samara;+04:00;Europe/Volgograd;53.5039;50.1517
KUH;KUH;JP;Airport;Kushiro;+09:00;Asia/Tokyo;43.0408;144.1931
KUL;KUL;MY;Airport;Kuala Lumpur;+08:00;Asia/Kuching;2.7456;101.7147
KUN;KUN;LT;Airport;Kaunas;+02:00;Europe/Vilnius;54.9639;24.0847
KUU;KUU;IN;Airport;Kullu Bhuntar;+05:30;Asia/Kolkata;31.8767;77.1544
KVA;KVA;GR;Airport;Kavala;+02:00;Europe/Athens;40.9133;24.6192
KVD;GNJ;AZ;Airport;Ganja;+04:00;Asia/Baku;40.735;46.3175
KWE;KWE;CN;Airport;Guiyang;+08:00;Asia/Shanghai;26.5386;106.8008
KWI;KWI;KW;Airport;Kuwait;+03:00;Asia/Kuwait;29.2267;47.9689
KWJ;KWJ;KR;Airport;Gwangju;+09:00;Asia/Seoul;35.1264;126.8089
KWL;KWL;CN;Airport;Guilin;+08:00;Asia/Shanghai;25.2181;110.0392
KWQ;KSF;DE;Rail Station;Kassel Wilhelmshoehe Railway Station;+01:00;Europe/Berlin;51.3131;9.4467
KYA;KYA;TR;Airport;Konya;+03:00;Europe/Istanbul;37.9789;32.5619
KZN;KZN;RU;Airport;Kazan;+03:00;Europe/Moscow;55.6061;49.2786
LAD;LAD;AO;Airport;Luanda;+01:00;Africa/Luanda;-8.8583;13.2311
LAN;LAN;US;Airport;Lansing;-05:00;America/New_York;42.7786;-84.5872
LAP;LAP;MX;Airport;La Paz;-07:00;America/Mazatlan;24.0728;-110.3625
LAR;LAR;US;Airport;Laramie;-07:00;America/Denver;41.3119;-105.675
LAS;LAS;US;Airport;Las Vegas;-08:00;America/Los_Angeles;36.08;-115.1522
LAX;LAX;US;Airport;Los Angeles;-08:00;America/Los_Angeles;33.9425;-118.4081
LBB;LBB;US;Airport;Lubbock;-06:00;America/Chicago;33.6636;-101.8228
LBF;LBF;US;Airport;North Platte Regional (Lee Bird Field);-06:00;America/Chicago;41.1311;-100.6931
LBL;LBL;US;Airport;Liberal Mid-America Regional;-06:00;America/Chicago;37.0442;-100.96
LCA;LCA;CY;Airport;Larnaca;+02:00;Asia/Nicosia;34.875;33.6247
LCE;LCE;HN;Airport;La Ceiba Goloson International;-06:00;America/Tegucigalpa;15.7425;-86.8531
LCH;LCH;US;Airport;Lake Charles;-06:00;America/Chicago;30.1261;-93.2233
LCJ;LCJ;PL;Airport;Lodz;+01:00;Europe/Warsaw;51.7219;19.3981
LCY;LON;GB;Airport;London City;+00:00;Europe/London;51.505;0.0542
LDB;LDB;BR;Airport;Londrina;-03:00;America/Araguaina;-23.3336;-51.13
LDE;LDE;FR;Airport;Lourdes;+01:00;Europe/Paris;43.1856;-0.0028
LEB;LEB;US;Airport;Lebanon;-05:00;America/New_York;43.6278;-72.3072
LED;LED;RU;Airport;St Petersburg;+03:00;Europe/Moscow;59.8003;30.2625
LEJ;LEJ;DE;Airport;Leipzig/ Halle;+01:00;Europe/Berlin;51.4325;12.2417
LET;LET;CO;Airport;Leticia Alfredo V. Cobo International;-05:00;America/Bogota;-4.1936;-69.9431
LEX;LEX;US;Airport;Lexington;-05:00;America/New_York;38.0364;-84.6058
LFQ;LFQ;CN;Airport;Linfen Qiaoli;+08:00;Asia/Shanghai;36.0397;111.4917
LFT;LFT;US;Airport;Lafayette;-06:00;America/Chicago;30.2053;-91.9875
LFW;LFW;TG;Airport;Lome;+00:00;Africa/Lome;6.1656;1.2544
LGA;NYC;US;Airport;New York La Guardia;-05:00;America/New_York;40.7772;-73.8725
LGK;LGK;MY;Airport;Langkawi;+08:00;Asia/Kuching;6.3386;99.7322
LGO;LGO;DE;Airport;Langeoog;+01:00;Europe/Berlin;53.75;7.4833
LGQ;LGQ;EC;Airport;Lago Agrio;-05:00;America/Guayaquil;0.0925;-76.8694
LGW;LON;GB;Airport;London Gatwick;+00:00;Europe/London;51.1481;-0.1903
LHE;LHE;PK;Airport;Lahore;+05:00;Asia/Karachi;31.5217;74.4036
LHR;LON;GB;Airport;London Heathrow;+00:00;Europe/London;51.4775;-0.4614
LHW;LHW;CN;Airport;Lanzhou;+08:00;Asia/Shanghai;36.5167;103.6167
LIH;LIH;US;Airport;Kauai Island;-10:00;Pacific/Honolulu;21.9764;-159.3361
LIM;LIM;PE;Airport;Lima;-05:00;America/Lima;-12.0219;-77.1144
LIN;MIL;IT;Airport;Milan Linate;+01:00;Europe/Rome;45.4494;9.2783
LIO;LIO;CR;Airport;Limon International;-06:00;America/Costa_Rica;9.9619;-83.0269
LIR;LIR;CR;Airport;Liberia;-06:00;America/Costa_Rica;10.5933;-85.5444
LIS;LIS;PT;Airport;Lisbon;+00:00;Europe/Lisbon;38.7742;-9.1342
LIT;LIT;US;Airport;Little Rock;-06:00;America/Chicago;34.7294;-92.2244
LJG;LJG;CN;Airport;Lijiang Sanyi;+08:00;Asia/Shanghai;26.6742;100.2436
LJU;LJU;SI;Airport;Ljubljana;+01:00;Europe/Ljubljana;46.2236;14.4575
LKN;LKN;NO;Airport;Leknes;+01:00;Europe/Oslo;68.1544;13.6119
LKO;LKO;IN;Airport;Lucknow;+05:30;Asia/Kolkata;26.7606;80.8894
LLA;LLA;SE;Airport;Lulea;+01:00;Europe/Stockholm;65.5439;22.1219
LLI;LLI;ET;Airport;Lalibela;+03:00;Africa/Addis_Ababa;11.975;38.98
LLW;LLW;MW;Airport;Lilongwe;+02:00;Africa/Blantyre;-13.7894;33.7811
LNK;LNK;US;Airport;Lincoln;-06:00;America/Chicago;40.8511;-96.7592
LNZ;LNZ;AT;Airport;Linz;+01:00;Europe/Vienna;48.2333;14.1875
LOS;LOS;NG;Airport;Lagos;+01:00;Africa/Lagos;6.5775;3.3211
LPA;LPA;ES;Airport;Las Palmas;+00:00;Atlantic/Canary;27.9319;-15.3867
LPB;LPB;BO;Airport;La Paz;-04:00;America/La_Paz;-16.5133;-68.1922
LPL;LPL;GB;Airport;Liverpool John Lennon;+00:00;Europe/London;53.3336;-2.8497
LPQ;LPQ;LA;Airport;Luang Prabang;+07:00;Asia/Vientiane;19.8978;102.1608
LPT;LPT;TH;Airport;Lampang;+07:00;Asia/Bangkok;18.2722;99.5042
LRD;LRD;US;Airport;Laredo;-06:00;America/Chicago;27.5439;-99.4617
LRM;LRM;DO;Airport;La Romana;-04:00;America/Santo_Domingo;18.4508;-68.9119
LRS;LRS;GR;Airport;Leros;+02:00;Europe/Athens;37.185;26.8003
LSC;LSC;CL;Airport;La Serena;-04:00;America/Santiago;-29.9164;-71.1994
LSP;LSP;VE;Airport;Las Piedras;-04:00;America/Caracas;11.7808;-70.1514
LST;LST;AU;Airport;Launceston;+10:00;Australia/Hobart;-41.5453;147.2111
LUG;LUG;CH;Airport;Lugano;+01:00;Europe/Zurich;46.0042;8.9106
LUH;LUH;IN;Airport;Ludhiana;+05:30;Asia/Kolkata;30.8542;75.9536
LUN;LUN;ZM;Airport;Lusaka;+02:00;Africa/Lusaka;-15.3308;28.4525
LUX;LUX;LU;Airport;Luxembourg;+01:00;Europe/Luxembourg;49.6233;6.2044
LUZ;LUZ;PL;Airport;Lublin;+01:00;Europe/Warsaw;51.2314;22.6906
LVI;LVI;ZM;Airport;Livingstone;+02:00;Africa/Lusaka;-17.8217;25.8228
LWO;LWO;UA;Airport;Lviv;+02:00;Europe/Zaporozhye;49.8125;23.9561
LWS;LWS;US;Airport;Lewiston;-08:00;America/Los_Angeles;46.3756;-117.0136
LXR;LXR;EG;Airport;Luxor;+02:00;Africa/Cairo;25.6711;32.7067
LYG;LYG;CN;Airport;Lianyungang Huaguoshan;+08:00;Asia/Shanghai;34.4167;119.1808
LYH;LYH;US;Airport;Lynchburg;-05:00;America/New_York;37.3267;-79.2006
LYI;LYI;CN;Airport;Linyi;+08:00;Asia/Shanghai;35.0494;118.4119
LYR;LYR;NO;Airport;Longyearbyen;+01:00;Europe/Oslo;78.2461;15.4656
LYS;LYS;FR;Airport;Lyon;+01:00;Europe/Paris;45.7256;5.0811
LZH;LZH;CN;Airport;Liuzhou;+08:00;Asia/Shanghai;24.2078;109.3914
LZS;LNZ;AT;Rail Station;Linz Railway Station;+01:00;Europe/Vienna;48.2906;14.2911
MAA;MAA;IN;Airport;Chennai;+05:30;Asia/Kolkata;12.9944;80.1806
MAD;MAD;ES;Airport;Madrid;+01:00;Europe/Madrid;40.4936;-3.5667
MAF;MAF;US;Airport;Midland Odessa;-06:00;America/Chicago;31.9425;-102.2019
MAH;MAH;ES;Airport;Menorca;+01:00;Europe/Madrid;39.8625;4.2186
MAN;MAN;GB;Airport;Manchester (UK);+00:00;Europe/London;53.3536;-2.275
MAO;MAO;BR;Airport;Manaus;-04:00;America/Porto_Velho;-3.0386;-60.0497
MAR;MAR;VE;Airport;Maracaibo;-04:00;America/Caracas;10.5583;-71.7278
MAZ;MAZ;PR;Airport;Mayaguez Eugenio M. De Hostos;-04:00;America/Puerto_Rico;18.2558;-67.1486
MBA;MBA;KE;Airport;Mombasa;+03:00;Africa/Nairobi;-4.0281;39.5997
MBE;MBE;JP;Airport;Monbetsu;+09:00;Asia/Tokyo;44.3039;143.4042
MBI;MBI;TZ;Airport;Mbeya;+03:00;Africa/Dar_es_Salaam;-8.9197;33.4639
MBJ;MBJ;JM;Airport;Montego Bay;-05:00;America/Jamaica;18.5036;-77.9133
MBS;MBS;US;Airport;Saginaw;-05:00;America/New_York;43.5319;-84.0825
MCI;MKC;US;Airport;Kansas City;-06:00;America/Chicago;39.2975;-94.7139
MCK;MCK;US;Airport;Mccook Ben Nelson Regional;-06:00;America/Chicago;40.2078;-100.5928
MCO;ORL;US;Airport;Orlando;-05:00;America/New_York;28.4294;-81.3089
MCT;MCT;OM;Airport;Muscat;+04:00;Asia/Muscat;23.5928;58.2817
MCY;MCY;AU;Airport;Sunshine Coast Maroochydore;+10:00;Australia/Brisbane;-26.6033;153.0911
MCZ;MCZ;BR;Airport;Maceio;-03:00;America/Araguaina;-9.5108;-35.7917
MDC;MDC;ID;Airport;Manado;+08:00;Asia/Makassar;1.5492;124.9264
MDE;MDE;CO;Airport;Medellin;-05:00;America/Bogota;6.1644;-75.4231
MDG;MDG;CN;Airport;Mudanjiang Hailang;+08:00;Asia/Shanghai;44.5242;129.5689
MDQ;MDQ;AR;Airport;Mar Del Plata Astor Piazzola;-03:00;America/Argentina/Buenos_Aires;-37.9342;-57.5733
MDT;HAR;US;Airport;Harrisburg;-05:00;America/New_York;40.1936;-76.7633
MDZ;MDZ;AR;Airport;Mendoza;-03:00;America/Argentina/Buenos_Aires;-32.8317;-68.7928
MEC;MEC;EC;Airport;Manta Eloy Alfaro Intl;-05:00;America/Guayaquil;-0.9461;-80.6789
MEI;MEI;US;Airport;Meridian Regional (Key Field);-06:00;America/Chicago;32.3328;-88.7519
MEL;MEL;AU;Airport;Melbourne (AU);+10:00;Australia/Sydney;-37.6733;144.8433
MEM;MEM;US;Airport;Memphis;-06:00;America/Chicago;35.0425;-89.9767
MEX;MEX;MX;Airport;Mexico/Juarez;-06:00;America/Mexico_City;19.4364;-99.0722
MFE;MFE;US;Airport;Mcallen;-06:00;America/Chicago;26.1758;-98.2386
MFM;MFM;CN;Airport;Macau International;+08:00;Asia/Shanghai;22.1494;113.5917
MFR;MFR;US;Airport;Medford;-08:00;America/Los_Angeles;42.3742;-122.8736
MGA;MGA;NI;Airport;Managua;-06:00;America/Managua;12.1414;-86.1681
MGF;MGF;BR;Airport;Maringa;-03:00;America/Araguaina;-23.4761;-52.0158
MGM;MGM;US;Airport;Montgomery Dannelly Field;-06:00;America/Chicago;32.3006;-86.3939
MGQ;MGQ;SO;Airport;Mogadishu Aden Adde Intl;+03:00;Africa/Mogadishu;2.0147;45.305
MGW;MGW;US;Airport;Morgantown;-05:00;America/New_York;39.6411;-79.9175
MHJ;MHG;DE;Rail Station;Mannheim Central Station;+01:00;Europe/Berlin;49.4794;8.4692
MHT;MHT;US;Airport;Manchester (USA);-05:00;America/New_York;42.9325;-71.4356
MIA;MIA;US;Airport;Miami;-05:00;America/New_York;25.7933;-80.2906
MID;MID;MX;Airport;Merida;-06:00;America/Mexico_City;20.9369;-89.6578
MIG;MIG;CN;Airport;Mian Yang;+08:00;Asia/Shanghai;31.4289;104.7408
MIR;MIR;TN;Airport;Monastir Habib Bourguiba International;+01:00;Africa/Tunis;35.7581;10.7547
MJF;MJF;NO;Airport;Mosjoen Kjaerstad;+01:00;Europe/Oslo;65.7839;13.215
MJT;MJT;GR;Airport;Mytilene;+02:00;Europe/Athens;39.0533;26.6022
MKC;MKC;US;Airport;Kansas City Downtown;-06:00;America/Chicago;39.1228;-94.5933
MKE;MKE;US;Airport;Milwaukee;-06:00;America/Chicago;42.9472;-87.8967
MKF;MKF;DE;Rail Station;Muenster/Osnabrueck Muenster Hbf;+01:00;Europe/Berlin;51.9569;7.6353
MKG;MKG;US;Airport;Muskegon;-05:00;America/New_York;43.1694;-86.2383
MLA;MLA;MT;Airport;Malta;+01:00;Europe/Malta;35.8575;14.4775
MLB;MLB;US;Airport;Melbourne Florida (US);-05:00;America/New_York;28.1028;-80.6453
MLE;MLE;MV;Airport;Male;+05:00;Indian/Maldives;4.1917;73.5292
MLI;MLI;US;Airport;Moline;-06:00;America/Chicago;41.4486;-90.5075
MLM;MLM;MX;Airport;Morelia;-06:00;America/Mexico_City;19.85;-101.0256
MLO;MLO;GR;Airport;Milos;+02:00;Europe/Athens;36.6967;24.4728
MLU;MLU;US;Airport;Monroe;-06:00;America/Chicago;32.5108;-92.0378
MLW;MLW;LR;Airport;Monrovia Spriggs Payne Apt;+00:00;Africa/Monrovia;6.2892;-10.7586
MLX;MLX;TR;Airport;Malatya Erhac;+03:00;Europe/Istanbul;38.4353;38.0911
MMB;MMB;JP;Airport;Memambetsu;+09:00;Asia/Tokyo;43.8806;144.1642
MMX;MMA;SE;Airport;Malmo Sturup;+01:00;Europe/Stockholm;55.5425;13.375
MMY;MMY;JP;Airport;Miyako;+09:00;Asia/Tokyo;24.7828;125.295
MNL;MNL;PH;Airport;Manila Ninoy Aquino;+08:00;Asia/Manila;14.5086;121.0194
MOB;MOB;US;Airport;Mobile;-06:00;America/Chicago;30.6911;-88.2428
MOL;MOL;NO;Airport;Molde;+01:00;Europe/Oslo;62.7447;7.2625
MOT;MOT;US;Airport;Minot;-06:00;America/Chicago;48.2594;-101.2803
MPL;MPL;FR;Airport;Montpellier;+01:00;Europe/Paris;43.5833;3.9614
MPM;MPM;MZ;Airport;Maputo;+02:00;Africa/Maputo;-25.9208;32.5725
MQM;MQM;TR;Airport;Mardin;+03:00;Europe/Istanbul;37.2233;40.6317
MQN;MQN;NO;Airport;Mo I Rana;+01:00;Europe/Oslo;66.3667;14.3
MQP;MQP;ZA;Airport;Nelspruit;+02:00;Africa/Johannesburg;-25.3831;31.1056
MQX;MQX;ET;Airport;Makale;+03:00;Africa/Addis_Ababa;13.4675;39.5333
MRS;MRS;FR;Airport;Marseille;+01:00;Europe/Paris;43.4367;5.215
MRU;MRU;MU;Airport;Mauritius;+04:00;Indian/Mauritius;-20.4303;57.6836
MRY;MRY;US;Airport;Monterey Peninsula;-08:00;America/Los_Angeles;36.5869;-121.8431
MSN;MSN;US;Airport;Madison;-06:00;America/Chicago;43.1397;-89.3375
MSO;MSO;US;Airport;Missoula;-07:00;America/Denver;46.9164;-114.0906
MSP;MSP;US;Airport;Minneapolis/St.Paul;-06:00;America/Chicago;44.8819;-93.2217
MSQ;MSQ;BY;Airport;Minsk 2;+03:00;Europe/Minsk;53.8825;28.0308
MSR;MSR;TR;Airport;Mus;+03:00;Europe/Istanbul;38.7478;41.6611
MSU;MSU;LS;Airport;Maseru;+02:00;Africa/Maseru;-29.4622;27.5525
MSY;MSY;US;Airport;New Orleans Louis Armstrong;-06:00;America/Chicago;29.9933;-90.2581
MTJ;MTJ;US;Airport;Montrose;-07:00;America/Denver;38.5053;-107.8942
MTR;MTR;CO;Airport;Monteria Los Garzones;-05:00;America/Bogota;8.8236;-75.8258
MTS;MTS;SZ;Airport;Manzini;+02:00;Africa/Mbabane;-26.5289;31.3075
MTY;MTY;MX;Airport;Monterrey;-06:00;America/Mexico_City;25.7786;-100.1069
MUB;MUB;BW;Airport;Maun;+02:00;Africa/Gaborone;-19.9725;23.4311
MUC;MUC;DE;Airport;Munich;+01:00;Europe/Berlin;48.3539;11.7861
MUH;MUH;EG;Airport;Mersa Matruh;+02:00;Africa/Cairo;31.3333;27.2167
MUN;MUN;VE;Airport;Maturin;-04:00;America/Caracas;9.7492;-63.1533
MVD;MVD;UY;Airport;Montevideo;-03:00;America/Montevideo;-34.8383;-56.0308
MVY;MVY;US;Airport;Martha'S Vineyard;-05:00;America/New_York;41.3933;-70.6125
MWH;MWH;US;Airport;Moses Lake Grant County Intl;-08:00;America/Los_Angeles;47.2047;-119.3167
MWZ;MWZ;TZ;Airport;Mwanza;+03:00;Africa/Dar_es_Salaam;-2.4444;32.9328
MXP;MIL;IT;Airport;Milan Malpensa;+01:00;Europe/Rome;45.63;8.7231
MYJ;MYJ;JP;Airport;Matsuyama;+09:00;Asia/Tokyo;33.8272;132.6997
MYR;MYR;US;Airport;Myrtle Beach;-05:00;America/New_York;33.6797;-78.9283
MYW;MYW;TZ;Airport;Mtwara;+03:00;Africa/Dar_es_Salaam;-10.3392;40.1817
MYY;MYY;MY;Airport;Miri;+08:00;Asia/Kuching;4.3253;113.9883
MZH;MZH;TR;Airport;Amasya Merzifon;+03:00;Europe/Istanbul;40.8286;35.5203
MZL;MZL;CO;Airport;Manizales La Nubia;-05:00;America/Bogota;5.0297;-75.4647
MZR;MZR;AF;Airport;Mazar-E Sharif;+04:30;Asia/Kabul;36.7069;67.2094
MZT;MZT;MX;Airport;Mazatlan;-07:00;America/Mazatlan;23.1614;-106.2661
NAJ;NAJ;AZ;Airport;Nakchivan;+04:00;Asia/Baku;39.1889;45.4583
NAN;NAN;FJ;Airport;Nadi;+12:00;Pacific/Fiji;-17.755;177.4436
NAP;NAP;IT;Airport;Naples;+01:00;Europe/Rome;40.8844;14.2908
NAS;NAS;BS;Airport;Nassau;-05:00;America/Nassau;25.0389;-77.4661
NAT;NAT;BR;Airport;Natal;-03:00;America/Araguaina;-5.7681;-35.3761
NAV;NAV;TR;Airport;Nevsehir Kapadokya;+03:00;Europe/Istanbul;38.7719;34.5344
NBE;NBE;TN;Airport;Enfidha;+01:00;Africa/Tunis;36.0756;10.4383
NBO;NBO;KE;Airport;Nairobi;+03:00;Africa/Nairobi;-1.3192;36.9278
NCE;NCE;FR;Airport;Nice;+01:00;Europe/Paris;43.6653;7.215
NCL;NCL;GB;Airport;Newcastle;+00:00;Europe/London;55.0375;-1.6917
NDG;NDG;CN;Airport;Qiqihar;+08:00;Asia/Shanghai;47.2397;123.9181
NDJ;NDJ;TD;Airport;N'djamena Hassan Djamous Intl;+01:00;Africa/Ndjamena;12.1336;15.0339
NDR;NDR;MA;Airport;Nador;+01:00;Africa/Casablanca;34.9889;-3.0283
NGB;NGB;CN;Airport;Ningbo;+08:00;Asia/Shanghai;29.8267;121.4619
NGO;NGO;JP;Airport;Nagoya;+09:00;Asia/Tokyo;34.8583;136.8053
NGS;NGS;JP;Airport;Nagasaki;+09:00;Asia/Tokyo;32.9169;129.9136
NIM;NIM;NE;Airport;Niamey;+01:00;Africa/Niamey;13.4811;2.1767
NKG;NKG;CN;Airport;Nanjing;+08:00;Asia/Shanghai;31.7419;118.8619
NKT;NKT;TR;Airport;Sirnak;+03:00;Europe/Istanbul;37.3636;42.0619
NLA;NLA;ZM;Airport;Ndola;+02:00;Africa/Lusaka;-12.9619;28.5142
NLK;NLK;NF;Airport;Norfolk Island;+11:00;Pacific/Norfolk;-29.0417;167.9386
NLP;NLP;ZA;Airport;Nelspruit;+02:00;Africa/Johannesburg;-25.5;30.9167
NNG;NNG;CN;Airport;Nanning;+08:00;Asia/Shanghai;22.6083;108.1725
NOB;NOB;CR;Airport;Nosara;-06:00;America/Costa_Rica;9.9764;-85.6531
NOP;NOP;TR;Airport;Sinop;+03:00;Europe/Istanbul;42.0214;35.0775
NOS;NOS;MG;Airport;Nossi-Be;+03:00;Indian/Antananarivo;-13.3119;48.3147
NOU;NOU;NC;Airport;Noumea Tontouta;+11:00;Pacific/Noumea;-22.0144;166.2131
NPE;NPE;NZ;Airport;Napier-Hastings Hawkes Bay;+12:00;Pacific/Auckland;-39.4644;176.8678
NPL;NPL;NZ;Airport;New Plymouth;+12:00;Pacific/Auckland;-39.0081;174.1775
NQN;NQN;AR;Airport;Neuquen;-03:00;America/Argentina/Buenos_Aires;-38.9489;-68.1558
NQY;NQY;GB;Airport;Newquay;+00:00;Europe/London;50.4433;-5.0017
NQZ;NQZ;KZ;Airport;Nur-Sultan (Astana);+06:00;Asia/Almaty;51.0231;71.4669
NRT;TYO;JP;Airport;Tokyo Narita;+09:00;Asia/Tokyo;35.7647;140.3864
NSI;YAO;CM;Airport;Yaounde Nsimalen;+01:00;Africa/Douala;3.7225;11.5533
NSN;NSN;NZ;Airport;Nelson;+12:00;Pacific/Auckland;-41.2967;173.2242
NTE;NTE;FR;Airport;Nantes;+01:00;Europe/Paris;47.1569;-1.6078
NTG;NTG;CN;Airport;Nantong;+08:00;Asia/Shanghai;32.0722;120.9803
NTQ;NTQ;JP;Airport;Wajima;+09:00;Asia/Tokyo;37.2925;136.9589
NUE;NUE;DE;Airport;Nuremberg;+01:00;Europe/Berlin;49.4986;11.0669
NVA;NVA;CO;Airport;Neiva Benito Salas;-05:00;America/Bogota;2.9503;-75.2939
NVT;NVT;BR;Airport;Navegantes;-03:00;America/Araguaina;-26.88;-48.6514
OAJ;OAJ;US;Airport;Jacksonville North Carolina (US);-05:00;America/New_York;34.83;-77.6111
OAK;OAK;US;Airport;Oakland;-08:00;America/Los_Angeles;37.7214;-122.2208
OAX;OAX;MX;Airport;Oaxaca;-06:00;America/Mexico_City;17.0028;-96.725
OBO;OBO;JP;Airport;Obihiro;+09:00;Asia/Tokyo;42.7333;143.2167
OCC;OCC;EC;Airport;Coca Francisco De Orellana;-05:00;America/Guayaquil;-0.4628;-76.9869
ODS;ODS;UA;Airport;Odessa;+02:00;Europe/Zaporozhye;46.4267;30.6764
OFK;OFK;US;Airport;Norfolk Regional;-06:00;America/Chicago;41.9833;-97.4333
OGG;OGG;US;Airport;Kahului;-10:00;Pacific/Honolulu;20.8986;-156.4306
OGZ;OGZ;RU;Airport;Vladikavkaz;+03:00;Europe/Moscow;43.205;44.6067
OHD;OHD;MK;Airport;Ohrid;+01:00;Europe/Skopje;41.18;20.7422
OIT;OIT;JP;Airport;Oita;+09:00;Asia/Tokyo;33.4794;131.7372
OKA;OKA;JP;Airport;Okinawa Naha;+09:00;Asia/Tokyo;26.1958;127.6458
OKC;OKC;US;Airport;Oklahoma City;-06:00;America/Chicago;35.3931;-97.6008
OKJ;OKJ;JP;Airport;Okayama;+09:00;Asia/Tokyo;34.7569;133.8553
OLB;OLB;IT;Airport;Olbia;+01:00;Europe/Rome;40.8986;9.5178
OMA;OMA;US;Airport;Omaha;-06:00;America/Chicago;41.3031;-95.8942
OME;OME;US;Airport;Nome;-09:00;America/Anchorage;64.5122;-165.4453
ONJ;ONJ;JP;Airport;Odate Noshiro;+09:00;Asia/Tokyo;40.1919;140.3714
ONO;ONO;US;Airport;Ontario Municipal;-07:00;America/Denver;44.0167;-117.0167
ONT;LAX;US;Airport;Ontario LA;-08:00;America/Los_Angeles;34.0561;-117.6011
OOL;OOL;AU;Airport;Gold Coast;+10:00;Australia/Brisbane;-28.1644;153.5047
OPO;OPO;PT;Airport;Porto;+00:00;Europe/Lisbon;41.2356;-8.6781
ORB;ORB;SE;Airport;Orebro;+01:00;Europe/Stockholm;59.2236;15.0381
ORD;CHI;US;Airport;Chicago;-06:00;America/Chicago;41.9786;-87.9047
ORF;ORF;US;Airport;Norfolk;-05:00;America/New_York;36.8947;-76.2011
ORK;ORK;IE;Airport;Cork;+00:00;Europe/Dublin;51.8414;-8.4911
ORN;ORN;DZ;Airport;Oran Es Senia;+01:00;Africa/Algiers;35.6239;-0.6211
ORY;PAR;FR;Airport;Paris Orly;+01:00;Europe/Paris;48.7233;2.3794
OSD;OSD;SE;Airport;Ostersund;+01:00;Europe/Stockholm;63.1944;14.5003
OSL;OSL;NO;Airport;Oslo;+01:00;Europe/Oslo;60.1939;11.1003
OSY;OSY;NO;Airport;Namsos;+01:00;Europe/Oslo;64.4717;11.5706
OTH;OTH;US;Airport;North Bend;-08:00;America/Los_Angeles;43.4172;-124.2461
OTP;BUH;RO;Airport;Bucharest;+02:00;Europe/Bucharest;44.5722;26.1022
OTZ;OTZ;US;Airport;Kotzebue;-09:00;America/Anchorage;66.8886;-162.5942
OUA;OUA;BF;Airport;Ouagadougou;+00:00;Africa/Ouagadougou;12.3533;-1.5125
OUD;OUD;MA;Airport;Oujda Angads;+01:00;Africa/Casablanca;34.7872;-1.9239
OUL;OUL;FI;Airport;Oulu;+02:00;Europe/Helsinki;64.93;25.3544
OVD;OVD;ES;Airport;Asturias;+01:00;Europe/Madrid;43.5636;-6.0347
OXR;OXR;US;Airport;Oxnard/Ventura Oxnard Apt;-08:00;America/Los_Angeles;34.2;-119.2
OZH;OZH;UA;Airport;Zaporozhye;+02:00;Europe/Zaporozhye;47.8669;35.3156
PAD;PAD;DE;Airport;Paderborn/Lippstadt;+01:00;Europe/Berlin;51.6142;8.6164
PAH;PAH;US;Airport;Paducah;-06:00;America/Chicago;37.0603;-88.7731
PAS;PAS;GR;Airport;Paros;+02:00;Europe/Athens;37.0103;25.1286
PAT;PAT;IN;Airport;Patna;+05:30;Asia/Kolkata;25.5914;85.0881
PBC;PBC;MX;Airport;Puebla;-06:00;America/Mexico_City;19.1581;-98.3714
PBI;PBI;US;Airport;West Palm Beach;-05:00;America/New_York;26.6831;-80.0956
PDL;PDL;PT;Airport;Ponta Delgada;-01:00;Atlantic/Azores;37.7411;-25.6978
PDP;PDP;UY;Airport;Punta Del Este Cap Curbelo;-03:00;America/Montevideo;-34.8569;-55.1008
PDX;PDX;US;Airport;Portland;-08:00;America/Los_Angeles;45.5886;-122.5975
PEE;PEE;RU;Airport;Perm;+05:00;Asia/Yekaterinburg;57.9144;56.0211
PEG;PEG;IT;Airport;Perugia;+01:00;Europe/Rome;43.0972;12.5103
PEI;PEI;CO;Airport;Pereira;-05:00;America/Bogota;4.8128;-75.7394
PEK;BJS;CN;Airport;Beijing;+08:00;Asia/Shanghai;40.08;116.5844
PEN;PEN;MY;Airport;Penang;+08:00;Asia/Kuching;5.2972;100.2767
PER;PER;AU;Airport;Perth;+08:00;Australia/Perth;-31.9403;115.9669
PFB;PFB;BR;Airport;Passo Fundo;-03:00;America/Araguaina;-28.2444;-52.3292
PFO;PFO;CY;Airport;Paphos;+02:00;Asia/Nicosia;34.7181;32.4858
PGA;PGA;US;Airport;Page;-07:00;America/Phoenix;36.9242;-111.4478
PGH;PGH;IN;Airport;Pantnagar;+05:30;Asia/Kolkata;29.0319;79.4736
PGV;PGV;US;Airport;Greenville;-05:00;America/New_York;35.6358;-77.3842
PHC;PHC;NG;Airport;Port Harcourt;+01:00;Africa/Lagos;5.0156;6.9497
PHF;PHF;US;Airport;Newport News;-05:00;America/New_York;37.1319;-76.4931
PHL;PHL;US;Airport;Philadelphia;-05:00;America/New_York;39.8719;-75.2411
PHW;PHW;ZA;Airport;Phalaborwa;+02:00;Africa/Johannesburg;-23.9369;31.1561
PHX;PHX;US;Airport;Phoenix;-07:00;America/Phoenix;33.4342;-112.0117
PIA;PIA;US;Airport;Peoria;-06:00;America/Chicago;40.6642;-89.6933
PIB;LUL;US;Airport;Laurel Hattiesburg;-06:00;America/Chicago;31.4672;-89.3369
PIR;PIR;US;Airport;Pierre;-06:00;America/Chicago;44.3828;-100.2858
PIT;PIT;US;Airport;Pittsburgh;-05:00;America/New_York;40.4914;-80.2328
PIU;PIU;PE;Airport;Piura G. Concha Iberico Intl;-05:00;America/Lima;-5.2058;-80.6164
PKB;PKB;US;Airport;Parkersburg Mid-Ohio Valley Regional;-05:00;America/New_York;39.345;-81.4392
PKU;PKU;ID;Airport;Pekanbaru;+07:00;Asia/Pontianak;0.4608;101.4444
PKX;BJS;CN;Airport;Beijing Daxing Intl.;+08:00;Asia/Shanghai;39.51;116.4111
PLM;PLM;ID;Airport;Palembang S M Badaruddin Ii;+07:00;Asia/Pontianak;-2.8983;104.7
PLZ;PLZ;ZA;Airport;Port Elizabeth;+02:00;Africa/Johannesburg;-33.985;25.6172
PMC;PMC;CL;Airport;Puerto Montt;-04:00;America/Santiago;-41.4389;-73.0939
PMI;PMI;ES;Airport;Palma De Mallorca;+01:00;Europe/Madrid;39.5517;2.7389
PMO;PMO;IT;Airport;Palermo;+01:00;Europe/Rome;38.1819;13.0994
PMR;PMR;NZ;Airport;Palmerston North;+12:00;Pacific/Auckland;-40.32;175.6136
PMV;PMV;VE;Airport;Porlamar;-04:00;America/Caracas;10.9131;-63.9675
PNA;PNA;ES;Airport;Pamplona;+01:00;Europe/Madrid;42.77;-1.6464
PNH;PNH;KH;Airport;Phnom Penh;+07:00;Asia/Phnom_Penh;11.5467;104.8442
PNI;PNI;FM;Airport;Pohnpei International;+11:00;Pacific/Pohnpei;6.9853;158.2089
PNQ;PNQ;IN;Airport;Pune;+05:30;Asia/Kolkata;18.5822;73.9197
PNR;PNR;CG;Airport;Pointe Noire;+01:00;Africa/Brazzaville;-4.8161;11.8867
PNS;PNS;US;Airport;Pensacola;-06:00;America/Chicago;30.4733;-87.1867
PNY;PNY;IN;Airport;Pondicherry;+05:30;Asia/Kolkata;11.9683;79.8114
POA;POA;BR;Airport;Porto Alegre;-03:00;America/Araguaina;-29.9944;-51.1714
POL;POL;MZ;Airport;Pemba;+02:00;Africa/Maputo;-12.9867;40.5225
POP;POP;DO;Airport;Puerto Plata;-04:00;America/Santo_Domingo;19.7578;-70.57
POZ;POZ;PL;Airport;Poznan;+01:00;Europe/Warsaw;52.4211;16.8264
PPN;PPN;CO;Airport;Popayan Guillermo L. Valencia;-05:00;America/Bogota;2.4544;-76.6094
PSA;PSA;IT;Airport;Pisa;+01:00;Europe/Rome;43.6828;10.3956
PSC;PSC;US;Airport;Pasco;-08:00;America/Los_Angeles;46.2667;-119.1167
PSG;PSG;US;Airport;Petersburg;-09:00;America/Anchorage;56.8022;-132.9436
PSO;PSO;CO;Airport;Pasto;-05:00;America/Bogota;1.3961;-77.2911
PSP;PSP;US;Airport;Palm Springs;-08:00;America/Los_Angeles;33.8297;-116.5067
PSS;PSS;AR;Airport;Posadas;-03:00;America/Argentina/Buenos_Aires;-27.3858;-55.9706
PTG;PTG;ZA;Airport;Polokwane;+02:00;Africa/Johannesburg;-23.8453;29.4586
PTP;PTP;GP;Airport;Pointe-A-Pitre;-04:00;America/Guadeloupe;16.2653;-61.5319
PTY;PTY;PA;Airport;Panama;-05:00;America/Panama;9.0714;-79.3833
PUJ;PUJ;DO;Airport;Punta Cana;-04:00;America/Santo_Domingo;18.5675;-68.3633
PUQ;PUQ;CL;Airport;Punta Arenas;-03:00;America/Santiago;-53.0028;-70.8547
PUS;PUS;KR;Airport;Busan;+09:00;Asia/Seoul;35.1767;128.9425
PUW;PUW;US;Airport;Pullman;-08:00;America/Los_Angeles;46.7436;-117.1111
PUY;PUY;HR;Airport;Pula;+01:00;Europe/Zagreb;44.8936;13.9222
PVC;PVC;US;Airport;Provincetown;-05:00;America/New_York;42.0728;-70.2203
PVD;PVD;US;Airport;Providence;-05:00;America/New_York;41.725;-71.4258
PVG;SHA;CN;Airport;Shanghai/Pudong;+08:00;Asia/Shanghai;31.1433;121.8053
PVH;PVH;BR;Airport;Porto Velho J. T. De Oliveira Intl;-04:00;America/Porto_Velho;-8.7092;-63.9022
PVK;PVK;GR;Airport;Preveza/Lefkas;+02:00;Europe/Athens;38.9256;20.7653
PVR;PVR;MX;Airport;Puerto Vallarta;-06:00;America/Mexico_City;20.68;-105.2542
PWM;PWM;US;Airport;Portland/Maine;-05:00;America/New_York;43.6461;-70.3092
PXO;PXO;PT;Airport;Porto Santo;+00:00;Europe/Lisbon;33.0708;-16.3497
PZB;PZB;ZA;Airport;Pietermaritzburg;+02:00;Africa/Johannesburg;-29.6489;30.3986
PZO;PZO;VE;Airport;Puerto Ordaz;-04:00;America/Caracas;8.2886;-62.7603
QDL;LUG;CH;Rail Station;Lugano Railway Station;+01:00;Europe/Zurich;46.0053;8.9467
QDU;DUS;DE;Rail Station;Dusseldorf Main Rail Station;+01:00;Europe/Berlin;51.2203;6.7931
QFB;QFB;DE;Rail Station;Freiburg Rail Station;+01:00;Europe/Berlin;47.9978;7.8422
QFZ;SCN;DE;Rail Station;Saarbruecken;+01:00;Europe/Berlin;49.2408;6.9908
QKL;CGN;DE;Rail Station;Cologne central station;+01:00;Europe/Berlin;50.9433;6.9583
QKU;CGN;DE;Rail Station;Cologne Deutz Rail Station;+01:00;Europe/Berlin;50.9406;6.9744
QLJ;QLJ;CH;Rail Station;Lucerne Rail Station;+01:00;Europe/Zurich;47.0494;8.3106
QLS;QLS;CH;Rail Station;Lausanne Rail Station;+01:00;Europe/Zurich;46.5172;6.6292
QPP;BER;DE;Rail Station;Berlin Hbf Rail Station;+01:00;Europe/Berlin;52.525;13.3694
QRO;QRO;MX;Airport;Queretaro;-06:00;America/Mexico_City;20.6172;-100.1856
QUL;QUL;DE;Rail Station;Ulm Rail Station;+01:00;Europe/Berlin;48.3997;9.9833
QWU;QWU;DE;Rail Station;Wuerzburg Rail Station;+01:00;Europe/Berlin;49.7886;9.9364
RAK;RAK;MA;Airport;Marrakech;+01:00;Africa/Casablanca;31.6069;-8.0364
RAO;RAO;BR;Airport;Ribeirao Preto;-03:00;America/Araguaina;-21.1342;-47.7742
RAP;RAP;US;Airport;Rapid City Regional;-07:00;America/Denver;44.0431;-103.0569
RBA;RBA;MA;Airport;Rabat;+01:00;Africa/Casablanca;34.0514;-6.7514
RCB;RCB;ZA;Airport;Richards Bay;+02:00;Africa/Johannesburg;-28.7411;32.0922
RCH;RCH;CO;Airport;Riohacha Aimirante Padilla;-05:00;America/Bogota;11.5261;-72.9258
RDD;RDD;US;Airport;Redding;-08:00;America/Los_Angeles;40.5089;-122.2933
RDM;RDM;US;Airport;Redmond;-08:00;America/Los_Angeles;44.2542;-121.15
RDU;RDU;US;Airport;Raleigh/Durham;-05:00;America/New_York;35.8778;-78.7875
REC;REC;BR;Airport;Recife;-03:00;America/Araguaina;-8.1267;-34.9231
REL;REL;AR;Airport;Trelew;-03:00;America/Argentina/Buenos_Aires;-43.2106;-65.2703
REP;REP;KH;Airport;Siem Reap;+07:00;Asia/Phnom_Penh;13.4106;103.8128
RES;RES;AR;Airport;Resistencia;-03:00;America/Argentina/Buenos_Aires;-27.45;-59.0561
RGL;RGL;AR;Airport;Rio Gallegos;-03:00;America/Argentina/Buenos_Aires;-51.6089;-69.3128
RGN;RGN;MM;Airport;Yangon;+06:30;Asia/Yangon;16.9072;96.1333
RHO;RHO;GR;Airport;Rhodes;+02:00;Europe/Athens;36.4056;28.0861
RIC;RIC;US;Airport;Richmond;-05:00;America/New_York;37.5053;-77.3197
RIS;RIS;JP;Airport;Rishiri;+09:00;Asia/Tokyo;45.2419;141.1864
RIW;RIW;US;Airport;Riverton;-07:00;America/Denver;43.0656;-108.46
RIX;RIX;LV;Airport;Riga;+02:00;Europe/Riga;56.9236;23.9711
RJK;RJK;HR;Airport;Rijeka;+01:00;Europe/Zagreb;45.2169;14.5703
RKD;RKD;US;Airport;Rockland;-05:00;America/New_York;44.0594;-69.0997
RKS;RKS;US;Airport;Rock Springs;-07:00;America/Denver;41.5947;-109.0656
RLG;RLG;DE;Airport;Rostock;+01:00;Europe/Berlin;53.9181;12.2783
RMF;RMF;EG;Airport;Marsa Alam;+02:00;Africa/Cairo;25.5572;34.5836
RMI;RMI;IT;Airport;Rimini;+01:00;Europe/Rome;44.0194;12.6094
RMQ;RMQ;TW;Airport;Taichung;+08:00;Asia/Taipei;24.265;120.6208
RNB;RNB;SE;Airport;Ronneby;+01:00;Europe/Stockholm;56.2667;15.265
RNO;RNO;US;Airport;Reno;-08:00;America/Los_Angeles;39.4992;-119.7681
RNS;RNS;FR;Airport;Rennes St Jacques;+01:00;Europe/Paris;48.0719;-1.7322
ROA;ROA;US;Airport;Roanoke;-05:00;America/New_York;37.3256;-79.9756
ROB;MLW;LR;Airport;Monrovia;+00:00;Africa/Monrovia;6.2339;-10.3622
ROC;ROC;US;Airport;Rochester  New York (US);-05:00;America/New_York;43.1189;-77.6725
ROP;ROP;MP;Airport;Rota;+10:00;Pacific/Saipan;14.1744;145.2425
ROS;ROS;AR;Airport;Rosario;-03:00;America/Argentina/Buenos_Aires;-32.9036;-60.7844
ROV;ROV;RU;Airport;Rostov;+03:00;Europe/Moscow;47.4936;39.9239
RPR;RPR;IN;Airport;Raipur;+05:30;Asia/Kolkata;21.1803;81.7389
RST;RST;US;Airport;Rochester Minnesota (US);-06:00;America/Chicago;43.9103;-92.4967
RSU;RSU;KR;Airport;Yeosu/Suncheon;+09:00;Asia/Seoul;34.8422;127.6169
RSW;FMY;US;Airport;Fort Myers Sw Florida;-05:00;America/New_York;26.5361;-81.7553
RTB;RTB;HN;Airport;Roatan;-06:00;America/Tegucigalpa;16.3169;-86.5231
RTM;RTM;NL;Airport;Rotterdam;+01:00;Europe/Amsterdam;51.9531;4.4308
RUH;RUH;SA;Airport;Riyadh;+03:00;Asia/Riyadh;24.9578;46.6989
RUN;RUN;RE;Airport;St Denis De La Reunion;+04:00;Indian/Reunion;-20.8872;55.5103
RUT;RUT;US;Airport;Rutland Southern Vermont Regional;-05:00;America/New_York;43.5294;-72.9497
RVK;RVK;NO;Airport;Rorvik Ryum;+01:00;Europe/Oslo;64.8342;11.1356
RZE;RZE;PL;Airport;Rzeszow;+01:00;Europe/Warsaw;50.11;22.0189
SAF;SAF;US;Airport;Santa Fe;-07:00;America/Denver;35.6167;-106.0833
SAG;SAG;IN;Airport;Shirdi;+05:30;Asia/Kolkata;19.6889;74.3772
SAH;SAH;YE;Airport;Sanaa;+03:00;Asia/Aden;15.4764;44.2197
SAL;SAL;SV;Airport;San Salvador;-06:00;America/El_Salvador;13.4408;-89.0558
SAN;SAN;US;Airport;San Diego;-08:00;America/Los_Angeles;32.7336;-117.1897
SAP;SAP;HN;Airport;San Pedro Sula;-06:00;America/Tegucigalpa;15.4528;-87.9236
SAT;SAT;US;Airport;San Antonio;-06:00;America/Chicago;29.5336;-98.4697
SAV;SAV;US;Airport;Savannah/Hilton Head;-05:00;America/New_York;32.1275;-81.2022
SAW;IST;TR;Airport;Istanbul Sabiha Gokcen;+03:00;Europe/Istanbul;40.8986;29.3092
SBA;SBA;US;Airport;Santa Barbara;-08:00;America/Los_Angeles;34.4261;-119.8403
SBN;SBN;US;Airport;South Bend;-05:00;America/New_York;41.7047;-86.3131
SBP;CSL;US;Airport;San Luis Obispo;-08:00;America/Los_Angeles;35.2372;-120.6408
SBY;SBY;US;Airport;Salisbury-Ocean City;-05:00;America/New_York;38.3406;-75.5103
SBZ;SBZ;RO;Airport;Sibiu;+02:00;Europe/Bucharest;45.7856;24.0914
SCC;SCC;US;Airport;Prudhoe Bay/Deadhorse;-09:00;America/Anchorage;70.1947;-148.4653
SCE;SCE;US;Airport;State College;-05:00;America/New_York;40.8506;-77.8472
SCL;SCL;CL;Airport;Santiago de Chile;-04:00;America/Santiago;-33.3931;-70.7858
SCN;SCN;DE;Airport;Saarbrucken;+01:00;Europe/Berlin;49.2147;7.1106
SCQ;SCQ;ES;Airport;Santiago De Compostela;+01:00;Europe/Madrid;42.8964;-8.4153
SDF;SDF;US;Airport;Louisville;-05:00;America/New_York;38.1744;-85.7361
SDJ;SDJ;JP;Airport;Sendai;+09:00;Asia/Tokyo;38.1397;140.9169
SDL;SDL;SE;Airport;Sundsvall;+01:00;Europe/Stockholm;62.5281;17.4439
SDQ;SDQ;DO;Airport;Santo Domingo;-04:00;America/Santo_Domingo;18.4297;-69.6689
SDU;RIO;BR;Airport;Rio De Janeiro Santos Dumont;-03:00;America/Sao_Paulo;-22.9106;-43.1631
SEA;SEA;US;Airport;Seattle;-08:00;America/Los_Angeles;47.4489;-122.3094
SEU;SEU;TZ;Airport;Seronera;+03:00;Africa/Dar_es_Salaam;-2.4572;34.8219
SEZ;SEZ;SC;Airport;Mahe Island;+04:00;Indian/Mahe;-4.6744;55.5219
SFN;SFN;AR;Airport;Santa Fe Sauce Viejo;-03:00;America/Argentina/Buenos_Aires;-31.7108;-60.8114
SFO;SFO;US;Airport;San Francisco;-08:00;America/Los_Angeles;37.6189;-122.3917
SFT;SFT;SE;Airport;Skelleftea;+01:00;Europe/Stockholm;64.6247;21.0769
SGF;SGF;US;Airport;Springfield Missouri (US);-06:00;America/Chicago;37.2456;-93.3886
SGN;SGN;VN;Airport;Ho Chi Minh City;+07:00;Asia/Ho_Chi_Minh;10.8189;106.6519
SGU;SGU;US;Airport;St George;-07:00;America/Denver;37.0906;-113.5931
SHA;SHA;CN;Airport;Shanghai/Hongqiao;+08:00;Asia/Shanghai;31.1978;121.3364
SHB;SHB;JP;Airport;Nakashibetsu;+09:00;Asia/Tokyo;43.5775;144.96
SHC;SHC;ET;Airport;Indaselassie;+03:00;Africa/Addis_Ababa;14.0794;38.2714
SHE;SHE;CN;Airport;Shenyang;+08:00;Asia/Shanghai;41.6397;123.4833
SHL;SHL;IN;Airport;Shillong Barapani;+05:30;Asia/Kolkata;25.7036;91.9775
SHR;SHR;US;Airport;Sheridan;-07:00;America/Denver;44.7692;-106.9803
SHV;SHV;US;Airport;Shreveport;-06:00;America/Chicago;32.4472;-93.8289
SIA;SIA;CN;Airport;Xi An;+08:00;Asia/Shanghai;34.3761;109.1239
SID;SID;CV;Airport;Sal;-01:00;Atlantic/Cape_Verde;16.7414;-22.9494
SIN;SIN;SG;Airport;Singapore;+08:00;Asia/Singapore;1.3592;103.9894
SIR;SIR;CH;Airport;Sion;+01:00;Europe/Zurich;46.2225;7.34
SIS;SIS;ZA;Airport;Sishen;+02:00;Africa/Johannesburg;-27.65;23.0
SIT;SIT;US;Airport;Sitka;-09:00;America/Anchorage;57.0472;-135.3617
SJC;SJC;US;Airport;San Jose;-08:00;America/Los_Angeles;37.3625;-121.9289
SJD;SJD;MX;Airport;San Jose Cabo;-07:00;America/Mazatlan;23.1519;-109.7211
SJJ;SJJ;BA;Airport;Sarajevo;+01:00;Europe/Sarajevo;43.8247;18.3314
SJO;SJO;CR;Airport;San Jose CR;-06:00;America/Costa_Rica;9.9939;-84.2089
SJP;SJP;BR;Airport;Sao Jose Do Rio Preto;-03:00;America/Araguaina;-20.8167;-49.4064
SJU;SJU;PR;Airport;San Juan;-04:00;America/Puerto_Rico;18.4394;-66.0019
SJW;SJW;CN;Airport;Shijiazhuang Zhengding International;+08:00;Asia/Shanghai;38.2806;114.6972
SKG;SKG;GR;Airport;Thessaloniki;+02:00;Europe/Athens;40.5197;22.9708
SKN;SKN;NO;Airport;Stokmarknes;+01:00;Europe/Oslo;68.5811;15.0211
SKP;SKP;MK;Airport;Skopje;+01:00;Europe/Skopje;41.9617;21.6214
SKU;SKU;GR;Airport;Skiros;+02:00;Europe/Athens;38.9683;24.4881
SLA;SLA;AR;Airport;Salta;-03:00;America/Argentina/Buenos_Aires;-24.8597;-65.4869
SLC;SLC;US;Airport;Salt Lake City;-07:00;America/Denver;40.7883;-111.9778
SLK;SLK;US;Airport;Saranac Lake Adirondack Regional;-05:00;America/New_York;44.3853;-74.2061
SLP;SLP;MX;Airport;San Luis Potosi;-06:00;America/Mexico_City;22.2542;-100.9308
SLV;SLV;IN;Airport;Shimla;+05:30;Asia/Kolkata;31.0817;77.0681
SLZ;SLZ;BR;Airport;Sao Luiz;-03:00;America/Araguaina;-2.5853;-44.2342
SMF;SAC;US;Airport;Sacramento;-08:00;America/Los_Angeles;38.6956;-121.5908
SMI;SMI;GR;Airport;Samos;+02:00;Europe/Athens;37.69;26.9117
SMR;SMR;CO;Airport;Santa Marta;-05:00;America/Bogota;11.1197;-74.2306
SMX;SMX;US;Airport;Santa Maria California (US);-08:00;America/Los_Angeles;34.8989;-120.4575
SNA;SNA;US;Airport;Santa Ana John Wayne;-08:00;America/Los_Angeles;33.6756;-117.8683
SNN;SNN;IE;Airport;Shannon;+00:00;Europe/Dublin;52.7019;-8.9247
SNU;SNU;CU;Airport;Santa Clara;-05:00;America/Havana;22.4922;-79.9436
SOB;SOB;HU;Airport;Balaton;+01:00;Europe/Budapest;46.6864;17.1592
SOC;SOC;ID;Airport;Solo City;+07:00;Asia/Pontianak;-7.5161;110.7569
SOF;SOF;BG;Airport;Sofia;+02:00;Europe/Sofia;42.6953;23.4061
SOU;SOU;GB;Airport;Southampton;+00:00;Europe/London;50.9503;-1.3567
SPC;SPC;ES;Airport;Santa Cruz de la Palma;+00:00;Atlantic/Canary;28.6264;-17.7556
SPI;SPI;US;Airport;Springfield Illinois (US);-06:00;America/Chicago;39.8442;-89.6778
SPU;SPU;HR;Airport;Split;+01:00;Europe/Zagreb;43.5389;16.2981
SRE;SRE;BO;Airport;Sucre Alcantari;-04:00;America/La_Paz;-19.2458;-65.1478
SRG;SRG;ID;Airport;Semarang Ahmad Yanii;+07:00;Asia/Pontianak;-6.9714;110.3742
SRQ;SRQ;US;Airport;Sarasota/Bradenton;-05:00;America/New_York;27.3956;-82.5544
SSA;SSA;BR;Airport;Salvador;-03:00;America/Araguaina;-12.9111;-38.3311
SSG;SSG;GQ;Airport;Malabo;+01:00;Africa/Malabo;3.7553;8.7086
SSH;SSH;EG;Airport;Sharm El Sheikh;+02:00;Africa/Cairo;27.9772;34.395
SSJ;SSJ;NO;Airport;Sandnessjoen Stokka;+01:00;Europe/Oslo;65.9569;12.4689
STI;STI;DO;Airport;Santiago Cibao Intl;-04:00;America/Santo_Domingo;19.4061;-70.6047
STL;STL;US;Airport;St Louis Lambert;-06:00;America/Chicago;38.7486;-90.37
STN;LON;GB;Airport;London Stansted;+00:00;Europe/London;51.885;0.235
STR;STR;DE;Airport;Stuttgart;+01:00;Europe/Berlin;48.69;9.2219
STS;STS;US;Airport;Santa Rosa;-08:00;America/Los_Angeles;38.5106;-122.8103
STV;STV;IN;Airport;Surat;+05:30;Asia/Kolkata;21.1142;72.7417
STW;STW;RU;Airport;Stavropol Shpakovskoye;+03:00;Europe/Moscow;45.1092;42.1128
STX;STX;VI;Airport;St Croix Henry E. Rohlsen;-04:00;America/St_Thomas;17.7019;-64.7986
SUB;SUB;ID;Airport;Surabaya;+07:00;Asia/Pontianak;-7.3797;112.7869
SUF;SUF;IT;Airport;Lamezia Terme;+01:00;Europe/Rome;38.9083;16.2417
SUN;SUN;US;Airport;Sun Valley;-07:00;America/Denver;43.5056;-114.2972
SUX;SUX;US;Airport;Sioux City;-06:00;America/Chicago;42.4025;-96.3844
SVG;SVG;NO;Airport;Stavanger;+01:00;Europe/Oslo;58.8767;5.6378
SVJ;SVJ;NO;Airport;Svolvaer;+01:00;Europe/Oslo;68.2439;14.6694
SVO;MOW;RU;Airport;Moscow/Sheremetyevo;+03:00;Europe/Moscow;55.9728;37.4147
SVQ;SVQ;ES;Airport;Sevilla;+01:00;Europe/Madrid;37.4181;-5.8931
SVX;SVX;RU;Airport;Ekaterinburg;+05:00;Asia/Yekaterinburg;56.7431;60.8028
SWA;SWA;CN;Airport;Shantou;+08:00;Asia/Shanghai;23.4275;116.7625
SXB;SXB;FR;Airport;Strasbourg;+01:00;Europe/Paris;48.5419;7.6344
SXR;SXR;IN;Airport;Srinagar;+05:30;Asia/Kolkata;33.9872;74.7742
SYD;SYD;AU;Airport;Sydney;+10:00;Australia/Sydney;-33.9461;151.1772
SYO;SYO;JP;Airport;Shonai;+09:00;Asia/Tokyo;38.8122;139.7872
SYR;SYR;US;Airport;Syracuse;-05:00;America/New_York;43.1111;-76.1064
SYX;SYX;CN;Airport;Sanya;+08:00;Asia/Shanghai;18.3028;109.4122
SYZ;SYZ;IR;Airport;Shiraz;+03:30;Asia/Tehran;29.5403;52.5886
SZE;SZE;ET;Airport;Semera;+03:00;Africa/Addis_Ababa;11.7864;40.9931
SZF;SZF;TR;Airport;Samsun Carsamba;+03:00;Europe/Istanbul;41.2544;36.5672
SZG;SZG;AT;Airport;Salzburg;+01:00;Europe/Vienna;47.7933;13.0044
SZK;SZK;ZA;Airport;Skukuza;+02:00;Africa/Johannesburg;-24.9644;31.5906
SZX;SZX;CN;Airport;Shenzhen;+08:00;Asia/Shanghai;22.6392;113.8106
SZY;SZY;PL;Airport;Szymany;+01:00;Europe/Warsaw;53.4806;20.9372
SZZ;SZZ;PL;Airport;Szczecin;+01:00;Europe/Warsaw;53.5847;14.9022
TAK;TAK;JP;Airport;Takamatsu;+09:00;Asia/Tokyo;34.2142;134.0156
TAM;TAM;MX;Airport;Tampico;-06:00;America/Mexico_City;22.2964;-97.8658
TAO;TAO;CN;Airport;Qingdao;+08:00;Asia/Shanghai;36.3622;120.0875
TAS;TAS;UZ;Airport;Tashkent;+05:00;Asia/Tashkent;41.2578;69.2811
TBN;TBN;US;Airport;Fort Leonard Wood Waynesvl-St Robert Rg;-06:00;America/Chicago;37.7417;-92.1408
TBO;TBO;TZ;Airport;Tabora;+03:00;Africa/Dar_es_Salaam;-5.0767;32.8311
TBS;TBS;GE;Airport;Tbilisi;+04:00;Asia/Tbilisi;41.6692;44.9547
TCO;TCO;CO;Airport;Tumaco La Florida;-05:00;America/Bogota;1.8144;-78.7492
TCZ;TCZ;CN;Airport;Tengchong Tuofeng;+08:00;Asia/Shanghai;24.9378;98.4856
TDX;TDX;TH;Airport;Trat;+07:00;Asia/Bangkok;12.2744;102.3189
TEQ;TEQ;TR;Airport;Tekirdag;+03:00;Europe/Istanbul;41.1389;27.9194
TET;TET;MZ;Airport;Tete;+02:00;Africa/Maputo;-16.1047;33.6403
TEX;TEX;US;Airport;Telluride Municipal;-07:00;America/Denver;37.9528;-107.9025
TEZ;TEZ;IN;Airport;Tezpur;+05:30;Asia/Kolkata;26.7067;92.7783
TFS;TCI;ES;Airport;Tenerife/Sur;+00:00;Atlantic/Canary;28.0444;-16.5725
TGD;TGD;ME;Airport;Podgorica;+01:00;Europe/Podgorica;42.3594;19.2519
TGO;TGO;CN;Airport;Tongliao;+08:00;Asia/Shanghai;43.5575;122.2
TGU;TGU;HN;Airport;Tegucigalpa;-06:00;America/Tegucigalpa;14.0608;-87.2172
TGZ;TGZ;MX;Airport;Tuxtla Gutierrez;-06:00;America/Mexico_City;16.5619;-93.0261
THE;THE;BR;Airport;Teresina;-03:00;America/Araguaina;-5.06;-42.8236
THS;THS;TH;Airport;Sukhothai;+07:00;Asia/Bangkok;17.2378;99.8183
TIA;TIA;AL;Airport;Tirana;+01:00;Europe/Tirane;41.415;19.7208
TIJ;TIJ;MX;Airport;Tijuana;-08:00;America/Santa_Isabel;32.5411;-116.9703
TIU;TIU;NZ;Airport;Timaru;+12:00;Pacific/Auckland;-44.3;171.2247
TIV;TIV;ME;Airport;Tivat;+01:00;Europe/Podgorica;42.4047;18.7233
TJA;TJA;BO;Airport;Tarija Cap. Oriel Lea Plaza;-04:00;America/La_Paz;-21.5511;-64.7083
TKD;TKD;GH;Airport;Takoradi;+00:00;Africa/Accra;4.8956;-1.7747
TKK;TKK;FM;Airport;Chuuk International;+10:00;Pacific/Chuuk;7.4619;151.8431
TKS;TKS;JP;Airport;Tokushima;+09:00;Asia/Tokyo;34.1328;134.6067
TKU;TKU;FI;Airport;Turku;+02:00;Europe/Helsinki;60.5142;22.2628
TLH;TLH;US;Airport;Tallahassee;-05:00;America/New_York;30.3917;-84.3497
TLL;TLL;EE;Airport;Tallinn;+02:00;Europe/Tallinn;59.4133;24.8325
TLS;TLS;FR;Airport;Toulouse;+01:00;Europe/Paris;43.635;1.3678
TLV;TLV;IL;Airport;Tel Aviv;+02:00;Asia/Jerusalem;32.0072;34.8806
TML;TML;GH;Airport;Tamale;+00:00;Africa/Accra;9.5572;-0.8633
TMP;TMP;FI;Airport;Tampere;+02:00;Europe/Helsinki;61.4142;23.6044
TMS;TMS;ST;Airport;Sao Tome Island;+00:00;Africa/Sao_Tome;0.3781;6.7122
TMU;TMU;CR;Airport;Tambor;-06:00;America/Costa_Rica;9.7397;-85.0169
TNA;TNA;CN;Airport;Jinan Yaoqiang Intl;+08:00;Asia/Shanghai;36.8572;117.2161
TNG;TNG;MA;Airport;Tangier;+01:00;Africa/Casablanca;35.7269;-5.9169
TNO;TNO;CR;Airport;Tamarindo;-06:00;America/Costa_Rica;10.3158;-85.8128
TNR;TNR;MG;Airport;Antananarivo;+03:00;Indian/Antananarivo;-18.7969;47.4789
TOP;TOP;US;Airport;Topeka Phillip Billard Muni Apt;-06:00;America/Chicago;39.0667;-95.6167
TOS;TOS;NO;Airport;Tromso;+01:00;Europe/Oslo;69.6833;18.9189
TOY;TOY;JP;Airport;Toyama;+09:00;Asia/Tokyo;36.6483;137.1875
TPA;TPA;US;Airport;Tampa;-05:00;America/New_York;27.9756;-82.5333
TPE;TPE;TW;Airport;Taipei;+08:00;Asia/Taipei;25.0778;121.2328
TRC;TRC;MX;Airport;Torreon;-06:00;America/Mexico_City;25.5683;-103.4106
TRD;TRD;NO;Airport;Trondheim;+01:00;Europe/Oslo;63.4575;10.9242
TRG;TRG;NZ;Airport;Tauranga;+12:00;Pacific/Auckland;-37.6733;176.1986
TRI;TRI;US;Airport;Tri-Cities Regional;-05:00;America/New_York;36.4753;-82.4075
TRN;TRN;IT;Airport;Turin;+01:00;Europe/Rome;45.2025;7.6494
TRS;TRS;IT;Airport;Trieste;+01:00;Europe/Rome;45.8275;13.4722
TRU;TRU;PE;Airport;Trujillo C. Martinez De Pinillos;-05:00;America/Lima;-8.0847;-79.1094
TRV;TRV;IN;Airport;Thiruvananthapuram;+05:30;Asia/Kolkata;8.4822;76.92
TSA;TPE;TW;Airport;Taipei Sung Shan;+08:00;Asia/Taipei;25.0697;121.5525
TSJ;TSJ;JP;Airport;Tsushima;+09:00;Asia/Tokyo;34.285;129.3306
TSN;TSN;CN;Airport;Tianjin;+08:00;Asia/Shanghai;39.1244;117.3461
TSR;TSR;RO;Airport;Timisoara;+02:00;Europe/Bucharest;45.81;21.3378
TSV;TSV;AU;Airport;Townsville International;+10:00;Australia/Brisbane;-19.2525;146.7653
TTJ;TTJ;JP;Airport;Tottori;+09:00;Asia/Tokyo;35.53;134.1667
TTU;TTU;MA;Airport;Tetouan Saniat R'mel;+01:00;Africa/Casablanca;35.59;-5.3281
TUC;TUC;AR;Airport;Tucuman;-03:00;America/Argentina/Buenos_Aires;-26.8408;-65.1047
TUL;TUL;US;Airport;Tulsa;-06:00;America/Chicago;36.1983;-95.8881
TUN;TUN;TN;Airport;Tunis;+01:00;Africa/Tunis;36.8511;10.2272
TUO;TUO;NZ;Airport;Taupo;+12:00;Pacific/Auckland;-38.7408;176.085
TUS;TUS;US;Airport;Tucson;-07:00;America/Phoenix;32.1161;-110.9411
TVC;TVC;US;Airport;Traverse City;-05:00;America/New_York;44.7414;-85.5822
TXK;TXK;US;Airport;Texarkana;-06:00;America/Chicago;33.4536;-93.9911
TXN;TXN;CN;Airport;Tunxi;+08:00;Asia/Shanghai;29.7328;118.2572
TYN;TYN;CN;Airport;Taiyuan;+08:00;Asia/Shanghai;37.7469;112.6283
TYS;TYS;US;Airport;Knoxville;-05:00;America/New_York;35.8111;-83.9942
TZX;TZX;TR;Airport;Trabzon;+03:00;Europe/Istanbul;40.995;39.7897
UBJ;UBJ;JP;Airport;Ube;+09:00;Asia/Tokyo;33.93;131.2786
UBN;ULN;MN;Airport;Ulaanbaatar Chinggis Khaan;+08:00;Asia/Ulaanbaatar;47.6469;106.8197
UBP;UBP;TH;Airport;Ubon Ratchathani;+07:00;Asia/Bangkok;15.2514;104.8703
UDI;UDI;BR;Airport;Uberlandia;-03:00;America/Araguaina;-18.8828;-48.2256
UDR;UDR;IN;Airport;Udaipur;+05:30;Asia/Kolkata;24.6178;73.8961
UFA;UFA;RU;Airport;Ufa;+05:00;Asia/Yekaterinburg;54.5575;55.8839
UIO;UIO;EC;Airport;Quito;-05:00;America/Guayaquil;-0.1239;-78.3561
UKB;OSA;JP;Airport;Osaka Kobe;+09:00;Asia/Tokyo;34.6328;135.2239
ULN;ULN;MN;Airport;Ulaanbaatar;+08:00;Asia/Ulaanbaatar;47.8431;106.7667
UME;UME;SE;Airport;Umea;+01:00;Europe/Stockholm;63.7919;20.2828
UPG;UPG;ID;Airport;Ujung Pandang;+08:00;Asia/Makassar;-5.0617;119.5542
URA;URA;KZ;Airport;Uralsk;+05:00;Asia/Qyzylorda;51.1511;51.5417
URC;URC;CN;Airport;Urumqi;+08:00;Asia/Shanghai;43.9072;87.4742
URT;URT;TH;Airport;Surat Thani;+07:00;Asia/Bangkok;9.1361;99.1392
USH;USH;AR;Airport;Ushuaia;-03:00;America/Argentina/Buenos_Aires;-54.8433;-68.2956
USM;USM;TH;Airport;Koh Samui;+07:00;Asia/Bangkok;9.5503;100.0625
USN;USN;KR;Airport;Ulsan;+09:00;Asia/Seoul;35.5936;129.3517
UTH;UTH;TH;Airport;Udon Thani;+07:00;Asia/Bangkok;17.3864;102.7883
UTN;UTN;ZA;Airport;Upington;+02:00;Africa/Johannesburg;-28.3992;21.2603
UTT;UTT;ZA;Airport;Umtata;+02:00;Africa/Johannesburg;-31.5478;28.6742
VAA;VAA;FI;Airport;Vaasa;+02:00;Europe/Helsinki;63.0506;21.7622
VAN;VAN;TR;Airport;Van Ferit Melen;+03:00;Europe/Istanbul;38.4683;43.3322
VAR;VAR;BG;Airport;Varna;+02:00;Europe/Sofia;43.2319;27.825
VAS;VAS;TR;Airport;Sivas;+03:00;Europe/Istanbul;39.8139;36.9036
VCE;VCE;IT;Airport;Venice;+01:00;Europe/Rome;45.5053;12.3519
VCP;SAO;BR;Airport;Sao Paulo Viracopos;-03:00;America/Sao_Paulo;-23.0081;-47.1347
VCT;VCT;US;Airport;Victoria Regional;-06:00;America/Chicago;28.8525;-96.9186
VDC;VDC;BR;Airport;Vitoria Da Conquista Glauber Rocha;-03:00;America/Araguaina;-14.9072;-40.9164
VEL;VEL;US;Airport;Vernal Regional;-07:00;America/Denver;40.4433;-109.5108
VER;VER;MX;Airport;Veracruz;-06:00;America/Mexico_City;19.1458;-96.1872
VFA;VFA;ZW;Airport;Victoria Falls;+02:00;Africa/Harare;-18.0958;25.8389
VGA;VGA;IN;Airport;Vijayawada;+05:30;Asia/Kolkata;16.5306;80.7969
VGO;VGO;ES;Airport;Vigo;+01:00;Europe/Madrid;42.2317;-8.6267
VIE;VIE;AT;Airport;Vienna;+01:00;Europe/Vienna;48.1103;16.5781
VIX;VIX;BR;Airport;Vitoria;-03:00;America/Araguaina;-20.2581;-40.2864
VLC;VLC;ES;Airport;Valencia;+01:00;Europe/Madrid;39.4894;-0.4817
VLN;VLN;VE;Airport;Valencia;-04:00;America/Caracas;10.1497;-67.9283
VNO;VNO;LT;Airport;Vilnius;+02:00;Europe/Vilnius;54.6342;25.2858
VNS;VNS;IN;Airport;Varanasi;+05:30;Asia/Kolkata;25.4522;82.8594
VNX;VNX;MZ;Airport;Vilanculos;+02:00;Africa/Maputo;-22.0183;35.3133
VOL;VOL;GR;Airport;Volos;+02:00;Europe/Athens;39.2197;22.7944
VOZ;VOZ;RU;Airport;Voronezh;+03:00;Europe/Moscow;51.8142;39.2297
VPS;VPS;US;Airport;Valparaiso;-06:00;America/Chicago;30.4867;-86.52
VQS;VQS;PR;Airport;Vieques;-04:00;America/Puerto_Rico;18.1347;-65.4936
VRA;VRA;CU;Airport;Varadero;-05:00;America/Havana;23.0344;-81.4353
VRN;VRN;IT;Airport;Verona;+01:00;Europe/Rome;45.3964;10.8881
VSA;VSA;MX;Airport;Villahermosa;-06:00;America/Mexico_City;17.9969;-92.8175
VTE;VTE;LA;Airport;Vientiane;+07:00;Asia/Vientiane;17.9883;102.5633
VUP;VUP;CO;Airport;Valledupar Alfonso Lopez Pumarejo;-05:00;America/Bogota;10.435;-73.2494
VVI;SRZ;BO;Airport;Santa Cruz Viru Viru;-04:00;America/La_Paz;-17.6447;-63.1353
VXE;VXE;CV;Airport;Sao Vicente;-01:00;Atlantic/Cape_Verde;16.8336;-25.0547
WAG;WAG;NZ;Airport;Wanganui;+12:00;Pacific/Auckland;-39.9625;175.0231
WAW;WAW;PL;Airport;Warsaw;+01:00;Europe/Warsaw;52.1658;20.9672
WEH;WEH;CN;Airport;Weihai;+08:00;Asia/Shanghai;37.1872;122.2289
WKJ;WKJ;JP;Airport;Wakkanai;+09:00;Asia/Tokyo;45.4042;141.8008
WLG;WLG;NZ;Airport;Wellington;+12:00;Pacific/Auckland;-41.3269;174.8069
WNZ;WNZ;CN;Airport;Wenzhou;+08:00;Asia/Shanghai;27.9131;120.8522
WRE;WRE;NZ;Airport;Whangarei;+12:00;Pacific/Auckland;-35.7689;174.3639
WRG;WRG;US;Airport;Wrangell;-09:00;America/Anchorage;56.4844;-132.3697
WRL;WRL;US;Airport;Worland Municipal;-07:00;America/Denver;43.9644;-107.9531
WRO;WRO;PL;Airport;Wroclaw;+01:00;Europe/Warsaw;51.1028;16.8858
WUH;WUH;CN;Airport;Wuhan;+08:00;Asia/Shanghai;30.7839;114.2081
WUX;WUX;CN;Airport;Wuxi Sunan Shuofang;+08:00;Asia/Shanghai;31.4947;120.4294
WXN;WXN;CN;Airport;Wanzhou Wuqiao;+08:00;Asia/Shanghai;30.8039;108.4272
XAP;XAP;BR;Airport;Chapeco Serafin Enoss Bertaso;-03:00;America/Araguaina;-27.1342;-52.6567
XER;SXB;FR;Bus Station;Strasbourg Bus Station;+01:00;Europe/Paris;48.5853;7.7356
XFN;XFN;CN;Airport;Xiangfan;+08:00;Asia/Shanghai;32.1506;112.2908
XGZ;XGZ;AT;Rail Station;Bregenz Rail Station;+01:00;Europe/Vienna;47.5064;9.7486
XHJ;AAH;DE;Rail Station;Aachen Rail Station;+01:00;Europe/Berlin;50.7683;6.0911
XHQ;XHQ;TR;Bus Station;Artvin Hopa Bus Station;+03:00;Europe/Istanbul;41.3906;41.4169
XIL;XIL;CN;Airport;Xilinhot;+08:00;Asia/Shanghai;43.9156;115.9633
XIR;DRS;DE;Rail Station;Dresden Rail Station Dresden Hbf Rail S;+01:00;Europe/Berlin;51.0658;13.7406
XIT;LEJ;DE;Rail Station;Leipzig Hbf Rail Station;+01:00;Europe/Berlin;51.3458;12.3817
XIU;ERF;DE;Rail Station;Erfurt Rail Station;+01:00;Europe/Berlin;50.9725;11.0381
XIY;SIA;CN;Airport;Xi An Xianyang;+08:00;Asia/Shanghai;34.4478;108.7539
XMN;XMN;CN;Airport;Xiamen;+08:00;Asia/Shanghai;24.5442;118.1278
XNA;FYV;US;Airport;Fayetteville, AR;-06:00;America/Chicago;36.2808;-94.3047
XNN;XNN;CN;Airport;Xining;+08:00;Asia/Shanghai;36.5286;102.0403
XPL;XPL;HN;Airport;Comayagua Palmerola International;-06:00;America/Tegucigalpa;14.4689;-87.6172
XRY;XRY;ES;Airport;Jerez;+01:00;Europe/Madrid;36.7447;-6.06
XUZ;XUZ;CN;Airport;Xuzhou Guanyin;+08:00;Asia/Shanghai;34.2294;117.2458
YAK;YAK;US;Airport;Yakutat;-09:00;America/Anchorage;59.5092;-139.66
YAM;YAM;CA;Airport;Sault Ste Marie;-05:00;America/Toronto;46.485;-84.5094
YAO;YAO;CM;Airport;Yaounde;+01:00;Africa/Douala;3.8336;11.5236
YBC;YBC;CA;Airport;Baie Comeau Pointe-Lebel;-05:00;America/Toronto;49.1325;-68.2044
YBG;YBG;CA;Airport;Bagotville;-05:00;America/Toronto;48.3322;-70.9925
YBL;YBL;CA;Airport;Campbell River;-08:00;America/Vancouver;49.9508;-125.2706
YBP;YBP;CN;Airport;Yibin Caiba;+08:00;Asia/Shanghai;28.8003;104.545
YCD;YCD;CA;Airport;Nanaimo Cassidy;-08:00;America/Vancouver;49.0522;-123.8703
YCG;YCG;CA;Airport;Castlegar;-08:00;America/Vancouver;49.2964;-117.6325
YCU;YCU;CN;Airport;Yun Cheng;+08:00;Asia/Shanghai;35.1164;111.0336
YDF;YDF;CA;Airport;Deer Lake;-03:30;America/St_Johns;49.2108;-57.3914
YEG;YEA;CA;Airport;Edmonton Intl;-07:00;America/Whitehorse;53.3075;-113.5861
YFB;YFB;CA;Airport;Iqaluit;-05:00;America/Toronto;63.7564;-68.5558
YFC;YFC;CA;Airport;Fredericton;-04:00;America/Halifax;45.8689;-66.53
YGJ;YGJ;JP;Airport;Yonago;+09:00;Asia/Tokyo;35.4922;133.2364
YGK;YGK;CA;Airport;Kingston Norman Rogers;-05:00;America/Toronto;44.2253;-76.5969
YGP;YGP;CA;Airport;Gaspe;-05:00;America/Toronto;48.7753;-64.4786
YGR;YGR;CA;Airport;Iles De La Madeleine House Harbour;-04:00;America/Halifax;47.4247;-61.7803
YHM;YTO;CA;Airport;Toronto John C Munro Hamilton;-05:00;America/Toronto;43.1619;-79.9281
YHZ;YHZ;CA;Airport;Halifax Stanfield;-04:00;America/Halifax;44.8869;-63.5128
YIH;YIH;CN;Airport;Yichang;+08:00;Asia/Shanghai;30.5569;111.4797
YIN;YIN;CN;Airport;Yining;+08:00;Asia/Shanghai;43.9553;81.3289
YKA;YKA;CA;Airport;Kamloops;-08:00;America/Vancouver;50.7022;-120.4444
YKM;YKM;US;Airport;Yakima;-08:00;America/Los_Angeles;46.5681;-120.5408
YLW;YLW;CA;Airport;Kelowna;-08:00;America/Vancouver;49.9561;-119.3778
YMM;YMM;CA;Airport;Fort Mcmurray;-07:00;America/Whitehorse;56.6533;-111.2219
YMT;YMT;CA;Airport;Chibougamau Chapais;-05:00;America/Toronto;49.7719;-74.5281
YNT;YNT;CN;Airport;Yantai;+08:00;Asia/Shanghai;37.6572;120.9872
YNZ;YNZ;CN;Airport;Yancheng;+08:00;Asia/Shanghai;33.4261;120.2031
YOW;YOW;CA;Airport;Ottawa;-05:00;America/Toronto;45.3225;-75.6692
YPR;YPR;CA;Airport;Prince Rupert Digby Island;-08:00;America/Vancouver;54.2861;-130.4447
YQB;YQB;CA;Airport;Quebec;-05:00;America/Toronto;46.7911;-71.3933
YQG;YQG;CA;Airport;Windsor;-05:00;America/Toronto;42.2706;-82.9619
YQL;YQL;CA;Airport;Lethbridge County;-07:00;America/Whitehorse;49.6297;-112.7903
YQM;YQM;CA;Airport;Greater Moncton;-04:00;America/Halifax;46.1069;-64.6925
YQQ;YQQ;CA;Airport;Comox;-08:00;America/Vancouver;49.7108;-124.8867
YQR;YQR;CA;Airport;Regina;-06:00;America/Regina;50.4294;-104.6572
YQT;YQT;CA;Airport;Thunder Bay;-05:00;America/Toronto;48.3719;-89.3239
YQU;YQU;CA;Airport;Grande Prairie;-07:00;America/Whitehorse;55.1797;-118.885
YQX;YQX;CA;Airport;Gander International;-03:30;America/St_Johns;48.9478;-54.56
YQY;YQY;CA;Airport;Sydney;-04:00;America/Halifax;46.1614;-60.0478
YQZ;YQZ;CA;Airport;Quesnel;-08:00;America/Vancouver;53.0261;-122.5103
YRT;YRT;CA;Airport;Rankin Inlet;-06:00;America/Winnipeg;62.8114;-92.1158
YSB;YSB;CA;Airport;Sudbury;-05:00;America/Toronto;46.625;-80.7989
YSJ;YSJ;CA;Airport;St John;-04:00;America/Halifax;45.3206;-65.8822
YTM;YTM;CA;Airport;Mont Tremblant International;-05:00;America/Toronto;46.4094;-74.78
YTS;YTS;CA;Airport;Timmins;-05:00;America/Toronto;48.5697;-81.3767
YUL;YMQ;CA;Airport;Montreal/Dorval;-05:00;America/Toronto;45.4706;-73.7408
YUY;YUY;CA;Airport;Rouyn;-05:00;America/Toronto;48.2061;-78.8356
YVO;YVO;CA;Airport;Val D'Or;-05:00;America/Toronto;48.0533;-77.7828
YVR;YVR;CA;Airport;Vancouver;-08:00;America/Vancouver;49.1939;-123.1844
YWG;YWG;CA;Airport;Winnipeg;-06:00;America/Winnipeg;49.91;-97.24
YWK;YWK;CA;Airport;Wabush;-04:00;America/Halifax;52.9219;-66.8644
YWL;YWL;CA;Airport;Williams Lake;-08:00;America/Vancouver;52.1831;-122.0542
YXC;YXC;CA;Airport;Cranbrook;-07:00;America/Whitehorse;49.6108;-115.7822
YXE;YXE;CA;Airport;Saskatoon;-06:00;America/Regina;52.1708;-106.6997
YXH;YXH;CA;Airport;Medicine Hat;-07:00;America/Whitehorse;50.0172;-110.7231
YXJ;YXJ;CA;Airport;Fort St John;-07:00;America/Dawson_Creek;56.2381;-120.7403
YXS;YXS;CA;Airport;Prince George;-08:00;America/Vancouver;53.8819;-122.6758
YXT;YXT;CA;Airport;Terrace;-08:00;America/Vancouver;54.4686;-128.5761
YXU;YXU;CA;Airport;London/Ontario;-05:00;America/Toronto;43.0356;-81.1539
YXX;YXX;CA;Airport;Vancouver Abbotsford Intl Apt;-08:00;America/Vancouver;49.0253;-122.3606
YXY;YXY;CA;Airport;Whitehorse;-07:00;America/Dawson_Creek;60.7094;-135.0672
YYB;YYB;CA;Airport;North Bay;-05:00;America/Toronto;46.3636;-79.4228
YYC;YYC;CA;Airport;Calgary;-07:00;America/Whitehorse;51.1139;-114.0203
YYD;YYD;CA;Airport;Smithers;-08:00;America/Vancouver;54.8247;-127.1828
YYF;YYF;CA;Airport;Penticton;-08:00;America/Vancouver;49.4631;-119.6022
YYG;YYG;CA;Airport;Charlottetown;-04:00;America/Halifax;46.2892;-63.1256
YYJ;YYJ;CA;Airport;Victoria;-08:00;America/Vancouver;48.6469;-123.4258
YYR;YYR;CA;Airport;Goose Bay;-04:00;America/Halifax;53.3194;-60.4106
YYT;YYT;CA;Airport;St Johns;-03:30;America/St_Johns;47.6186;-52.7519
YYY;YYY;CA;Airport;Mont Joli;-05:00;America/Toronto;48.6086;-68.2081
YYZ;YTO;CA;Airport;Toronto/Pearson;-05:00;America/Toronto;43.6772;-79.6306
YZF;YZF;CA;Airport;Yellowknife;-07:00;America/Whitehorse;62.4686;-114.4431
YZP;YZP;CA;Airport;Sandspit;-08:00;America/Vancouver;53.2544;-131.8139
YZR;YZR;CA;Airport;Sarnia;-05:00;America/Toronto;42.9994;-82.3089
YZV;YZV;CA;Airport;Sept-Iles;-05:00;America/Toronto;50.2233;-66.2656
ZAD;ZAD;HR;Airport;Zadar;+01:00;Europe/Zagreb;44.1083;15.3467
ZAG;ZAG;HR;Airport;Zagreb;+01:00;Europe/Zagreb;45.7431;16.0689
ZAL;ZAL;CL;Airport;Valdivia;-04:00;America/Santiago;-39.6494;-73.0864
ZAQ;NUE;DE;Rail Station;Nuremberg Rail Station;+01:00;Europe/Berlin;49.445;11.0825
ZBA;EAP;CH;Rail Station;Basel Bad Rail Station;+01:00;Europe/Zurich;47.5678;7.6083
ZBF;ZBF;CA;Airport;Bathurst;-04:00;America/Halifax;47.6297;-65.7389
ZCO;ZCO;CL;Airport;Temuco;-04:00;America/Santiago;-38.9269;-72.6469
ZDH;EAP;CH;Rail Station;Basel/Mulhouse SBB;+01:00;Europe/Zurich;47.5478;7.5897
ZDI;ZDI;CH;Rail Station;Bellinzona Rail Station;+01:00;Europe/Zurich;46.2;9.0167
ZDJ;BRN;CH;Rail Station;Berne Rail Station;+01:00;Europe/Zurich;46.9194;7.5
ZEU;ZEU;DE;Rail Station;Goettingen Rail Station;+01:00;Europe/Berlin;51.5367;9.9269
ZHF;ZHF;CH;Rail Station;Fribourg Rail Station;+01:00;Europe/Zurich;46.8;7.15
ZHT;GVA;CH;Rail Station;Geneva Rail Station;+01:00;Europe/Zurich;46.2;6.1667
ZIH;ZIH;MX;Airport;Ixtapa/Zihuatanejo International;-06:00;America/Mexico_City;17.6017;-101.4606
ZIN;ZIN;CH;Rail Station;Interlaken Ost Rail Station;+01:00;Europe/Zurich;46.6833;7.85
ZMB;HAM;DE;Rail Station;Hamburg Hbf Rail Station;+01:00;Europe/Berlin;53.5531;10.0067
ZMU;MUC;DE;Rail Station;Munich Hbf Rail Station;+01:00;Europe/Berlin;48.1411;11.5544
ZNS;ZNS;DE;Bus Station;Kempten;+01:00;Europe/Berlin;47.7119;10.3181
ZNZ;ZNZ;TZ;Airport;Zanzibar;+03:00;Africa/Dar_es_Salaam;-6.2219;39.225
ZOS;ZOS;CL;Airport;Osorno;-04:00;America/Santiago;-40.6114;-73.0606
ZPE;ZPE;DE;Rail Station;Muenster/Osnabrueck Rail Station Osnabr;+01:00;Europe/Berlin;52.2728;8.0606
ZQN;ZQN;NZ;Airport;Queenstown;+12:00;Pacific/Auckland;-45.0183;168.7467
ZRB;FRA;DE;Rail Station;Frankfurt Hbf Rail Station;+01:00;Europe/Berlin;50.1067;8.6631
ZRH;ZRH;CH;Airport;Zurich;+01:00;Europe/Zurich;47.4647;8.5492
ZSB;SZG;AT;Rail Station;Salzburg Railway Station;+01:00;Europe/Vienna;47.8131;13.0458
ZTH;ZTH;GR;Airport;Zakinthos;+02:00;Europe/Athens;37.7508;20.8842
ZUH;ZUH;CN;Airport;Zhuhai;+08:00;Asia/Shanghai;22.0067;113.3761
ZVR;HAJ;DE;Rail Station;Hannover Hbf Rail Station;+01:00;Europe/Berlin;52.3772;9.7419
ZWS;STR;DE;Rail Station;Stuttgart Rail Station;+01:00;Europe/Berlin;48.7836;9.1814
ZYI;ZYI;CN;Airport;Zunyi Xinzhou;+08:00;Asia/Shanghai;27.8111;107.2461
